topic,subfolder,filename,ext,name_pattern,stage,varname_col,ncols,header,error,relpath
ADI_standardized,documentation,nanda_ADI_std_blckgrp_2015_01_data_dictionary.xlsx,.xlsx,*_data_dictionary.xlsx,publish,Variable,8,Variable | Obs | Unique | Mean | Min | Max | Type | Label,,ADI_standardized\documentation\nanda_ADI_std_blckgrp_2015_01_data_dictionary.xlsx
ADI_standardized,documentation,nanda_ADI_std_blckgrp_2020_01_data_dictionary.xlsx,.xlsx,*_data_dictionary.xlsx,publish,Variable,8,Variable | Obs | Unique | Mean | Min | Max | Type | Label,,ADI_standardized\documentation\nanda_ADI_std_blckgrp_2020_01_data_dictionary.xlsx
ADI_standardized,documentation,nanda_ADI_std_blckgrp_2022_01_data_dictionary.xlsx,.xlsx,*_data_dictionary.xlsx,publish,Variable,8,Variable | Obs | Unique | Mean | Min | Max | Type | Label,,ADI_standardized\documentation\nanda_ADI_std_blckgrp_2022_01_data_dictionary.xlsx
air_conditioning,documentation,nanda_AC_Tract10_2016_01_data_dictionary.xlsx,.xlsx,*_data_dictionary.xlsx,publish,Variable,8,Variable | Type | Obs | Unique | Mean | Min | Max | Label,,air_conditioning\documentation\nanda_AC_Tract10_2016_01_data_dictionary.xlsx
arts_entertainment_recreation,artsentleisure_1990-2021,nanda_artsentleisure_Tract10_1990-2021_01_data_dictionary.xlsx,.xlsx,*_data_dictionary.xlsx,publish,Variable,8,Variable | Type | Obs | Unique | Mean | Min | Max | Label,,arts_entertainment_recreation\artsentleisure_1990-2021\documentation\nanda_artsentleisure_Tract10_1990-2021_01_data_dictionary.xlsx
arts_entertainment_recreation,artsentleisure_1990-2021,nanda_artsentleisure_Tract20_1990-2021_01_data_dictionary.xlsx,.xlsx,*_data_dictionary.xlsx,publish,Variable,8,Variable | Type | Obs | Unique | Mean | Min | Max | Label,,arts_entertainment_recreation\artsentleisure_1990-2021\documentation\nanda_artsentleisure_Tract20_1990-2021_01_data_dictionary.xlsx
arts_entertainment_recreation,artsentleisure_1990-2021,nanda_artsentleisure_ZCTA10_1990-2021_01_data_dictionary.xlsx,.xlsx,*_data_dictionary.xlsx,publish,Variable,8,Variable | Type | Obs | Unique | Mean | Min | Max | Label,,arts_entertainment_recreation\artsentleisure_1990-2021\documentation\nanda_artsentleisure_ZCTA10_1990-2021_01_data_dictionary.xlsx
arts_entertainment_recreation,artsentleisure_1990-2021,nanda_artsentleisure_ZCTA20_1990-2021_01_data_dictionary.xlsx,.xlsx,*_data_dictionary.xlsx,publish,Variable,8,Variable | Type | Obs | Unique | Mean | Min | Max | Label,,arts_entertainment_recreation\artsentleisure_1990-2021\documentation\nanda_artsentleisure_ZCTA20_1990-2021_01_data_dictionary.xlsx
arts_entertainment_recreation,artsentleisure_1990-2022,validate_artsentleisure_Tract10_1990-2022_2026-04-09_data_dictionary.xlsx,.xlsx,*_data_dictionary.xlsx,validate,Variable,3,Variable | Type | Label,,arts_entertainment_recreation\artsentleisure_1990-2022\code\validate_artsentleisure_Tract10_1990-2022_2026-04-09_data_dictionary.xlsx
arts_entertainment_recreation,artsentleisure_1990-2022,validate_artsentleisure_Tract10_1990-2022_2026-04-16_data_dictionary.xlsx,.xlsx,*_data_dictionary.xlsx,validate,Variable,3,Variable | Type | Label,,arts_entertainment_recreation\artsentleisure_1990-2022\code\validate_artsentleisure_Tract10_1990-2022_2026-04-16_data_dictionary.xlsx
arts_entertainment_recreation,artsentleisure_1990-2022,validate_artsentleisure_Tract20_1990-2022_2026-04-09_data_dictionary.xlsx,.xlsx,*_data_dictionary.xlsx,validate,Variable,3,Variable | Type | Label,,arts_entertainment_recreation\artsentleisure_1990-2022\code\validate_artsentleisure_Tract20_1990-2022_2026-04-09_data_dictionary.xlsx
arts_entertainment_recreation,artsentleisure_1990-2022,validate_artsentleisure_Tract20_1990-2022_2026-04-16_data_dictionary.xlsx,.xlsx,*_data_dictionary.xlsx,validate,Variable,3,Variable | Type | Label,,arts_entertainment_recreation\artsentleisure_1990-2022\code\validate_artsentleisure_Tract20_1990-2022_2026-04-16_data_dictionary.xlsx
arts_entertainment_recreation,artsentleisure_1990-2022,validate_artsentleisure_Zcta10_1990-2022_2026-04-09_data_dictionary.xlsx,.xlsx,*_data_dictionary.xlsx,validate,Variable,3,Variable | Type | Label,,arts_entertainment_recreation\artsentleisure_1990-2022\code\validate_artsentleisure_Zcta10_1990-2022_2026-04-09_data_dictionary.xlsx
arts_entertainment_recreation,artsentleisure_1990-2022,validate_artsentleisure_Zcta10_1990-2022_2026-04-16_data_dictionary.xlsx,.xlsx,*_data_dictionary.xlsx,validate,Variable,3,Variable | Type | Label,,arts_entertainment_recreation\artsentleisure_1990-2022\code\validate_artsentleisure_Zcta10_1990-2022_2026-04-16_data_dictionary.xlsx
arts_entertainment_recreation,artsentleisure_1990-2022,validate_artsentleisure_Zcta20_1990-2022_2026-04-09_data_dictionary.xlsx,.xlsx,*_data_dictionary.xlsx,validate,Variable,3,Variable | Type | Label,,arts_entertainment_recreation\artsentleisure_1990-2022\code\validate_artsentleisure_Zcta20_1990-2022_2026-04-09_data_dictionary.xlsx
arts_entertainment_recreation,artsentleisure_1990-2022,validate_artsentleisure_Zcta20_1990-2022_2026-04-16_data_dictionary.xlsx,.xlsx,*_data_dictionary.xlsx,validate,Variable,3,Variable | Type | Label,,arts_entertainment_recreation\artsentleisure_1990-2022\code\validate_artsentleisure_Zcta20_1990-2022_2026-04-16_data_dictionary.xlsx
arts_entertainment_recreation,artsentleisure_1990-2022,nanda_artsentleisure_Tract10_1990-2022_dictionary.csv,.csv,*_dictionary.csv,publish,variable,8,variable | type | obs | unique | mean | min | max | label,,arts_entertainment_recreation\artsentleisure_1990-2022\documentation\nanda_artsentleisure_Tract10_1990-2022_dictionary.csv
arts_entertainment_recreation,artsentleisure_1990-2022,nanda_artsentleisure_Tract10_1990-2022_dictionary_formatted.xlsx,.xlsx,*_dictionary.xlsx,publish,variable,8,variable | type | obs | unique | mean | min | max | label,,arts_entertainment_recreation\artsentleisure_1990-2022\documentation\nanda_artsentleisure_Tract10_1990-2022_dictionary_formatted.xlsx
arts_entertainment_recreation,artsentleisure_1990-2022,nanda_artsentleisure_Tract20_1990-2022_dictionary.csv,.csv,*_dictionary.csv,publish,variable,8,variable | type | obs | unique | mean | min | max | label,,arts_entertainment_recreation\artsentleisure_1990-2022\documentation\nanda_artsentleisure_Tract20_1990-2022_dictionary.csv
arts_entertainment_recreation,artsentleisure_1990-2022,nanda_artsentleisure_Tract20_1990-2022_dictionary_formatted.xlsx,.xlsx,*_dictionary.xlsx,publish,variable,8,variable | type | obs | unique | mean | min | max | label,,arts_entertainment_recreation\artsentleisure_1990-2022\documentation\nanda_artsentleisure_Tract20_1990-2022_dictionary_formatted.xlsx
arts_entertainment_recreation,artsentleisure_1990-2022,nanda_artsentleisure_Zcta10_1990-2022_dictionary.csv,.csv,*_dictionary.csv,publish,variable,8,variable | type | obs | unique | mean | min | max | label,,arts_entertainment_recreation\artsentleisure_1990-2022\documentation\nanda_artsentleisure_Zcta10_1990-2022_dictionary.csv
arts_entertainment_recreation,artsentleisure_1990-2022,nanda_artsentleisure_Zcta10_1990-2022_dictionary_formatted.xlsx,.xlsx,*_dictionary.xlsx,publish,variable,8,variable | type | obs | unique | mean | min | max | label,,arts_entertainment_recreation\artsentleisure_1990-2022\documentation\nanda_artsentleisure_Zcta10_1990-2022_dictionary_formatted.xlsx
arts_entertainment_recreation,artsentleisure_1990-2022,nanda_artsentleisure_Zcta20_1990-2022_dictionary.csv,.csv,*_dictionary.csv,publish,variable,8,variable | type | obs | unique | mean | min | max | label,,arts_entertainment_recreation\artsentleisure_1990-2022\documentation\nanda_artsentleisure_Zcta20_1990-2022_dictionary.csv
arts_entertainment_recreation,artsentleisure_1990-2022,nanda_artsentleisure_Zcta20_1990-2022_dictionary_formatted.xlsx,.xlsx,*_dictionary.xlsx,publish,variable,8,variable | type | obs | unique | mean | min | max | label,,arts_entertainment_recreation\artsentleisure_1990-2022\documentation\nanda_artsentleisure_Zcta20_1990-2022_dictionary_formatted.xlsx
arts_entertainment_recreation,artsentrec_tract_2003-2017,nanda_artsentrec_tract_2003-2017_01_data_dictionary.xlsx,.xlsx,*_data_dictionary.xlsx,publish,Variable,8,Variable | Type | Obs | Unique | Mean | Min | Max | Label,,arts_entertainment_recreation\artsentrec_tract_2003-2017\documentation\nanda_artsentrec_tract_2003-2017_01_data_dictionary.xlsx
arts_entertainment_recreation,artsentrec_tract_2006-2015,amusement_arcades_data_dictionary.xlsx,.xlsx,*_data_dictionary.xlsx,other,Variable,9,Variable | Variable Type | Obs | Not-Null Count | Mean | Min | Max | Variable Description | Data From,,arts_entertainment_recreation\artsentrec_tract_2006-2015\documentation\data_dictionaries\amusement_arcades_data_dictionary.xlsx
arts_entertainment_recreation,artsentrec_tract_2006-2015,bowling_data_dictionary.xlsx,.xlsx,*_data_dictionary.xlsx,other,Variable,9,Variable | Variable Type | Obs | Not-Null Count | Mean | Min | Max | Variable Description | Data From,,arts_entertainment_recreation\artsentrec_tract_2006-2015\documentation\data_dictionaries\bowling_data_dictionary.xlsx
arts_entertainment_recreation,artsentrec_tract_2006-2015,casino_hotels_data_dictionary.xlsx,.xlsx,*_data_dictionary.xlsx,other,Variable,9,Variable | Variable Type | Obs | Not-Null Count | Mean | Max | Min | Variable Description | Data From,,arts_entertainment_recreation\artsentrec_tract_2006-2015\documentation\data_dictionaries\casino_hotels_data_dictionary.xlsx
arts_entertainment_recreation,artsentrec_tract_2006-2015,fitness_rec_centers_data_dictionary.xlsx,.xlsx,*_data_dictionary.xlsx,other,Variable,9,Variable | Variable Type | Obs | Not-Null Count | Mean | Min | Max | Variable Description | Data From,,arts_entertainment_recreation\artsentrec_tract_2006-2015\documentation\data_dictionaries\fitness_rec_centers_data_dictionary.xlsx
arts_entertainment_recreation,artsentrec_tract_2006-2015,gambling_data_dictionary.xlsx,.xlsx,*_data_dictionary.xlsx,other,Variable,9,Variable | Variable Type | Obs | Not-Null Count | Mean | Max | Min | Variable Description | Data From,,arts_entertainment_recreation\artsentrec_tract_2006-2015\documentation\data_dictionaries\gambling_data_dictionary.xlsx
arts_entertainment_recreation,artsentrec_tract_2006-2015,golf_data_dictionary.xlsx,.xlsx,*_data_dictionary.xlsx,other,Variable,9,Variable | Variable Type | Obs | Not-Null Count | Mean | Min | Max | Variable Description | Data From,,arts_entertainment_recreation\artsentrec_tract_2006-2015\documentation\data_dictionaries\golf_data_dictionary.xlsx
arts_entertainment_recreation,artsentrec_tract_2006-2015,museums_data_dictionary.xlsx,.xlsx,*_data_dictionary.xlsx,other,Variable,9,Variable | Variable Type | Obs | Not-Null Count | Mean | Min | Max | Variable Description | Data From,,arts_entertainment_recreation\artsentrec_tract_2006-2015\documentation\data_dictionaries\museums_data_dictionary.xlsx
arts_entertainment_recreation,artsentrec_tract_2006-2015,performing_arts_data_dictionary.xlsx,.xlsx,*_data_dictionary.xlsx,other,Variable,9,Variable | Variable Type | Obs | Not-Null Count | Mean | Min | Max | Variable Description | Data From,,arts_entertainment_recreation\artsentrec_tract_2006-2015\documentation\data_dictionaries\performing_arts_data_dictionary.xlsx
arts_entertainment_recreation,artsentrec_tract_2006-2015,spectator_sports_data_dictionary.xlsx,.xlsx,*_data_dictionary.xlsx,other,Variable,9,Variable | Variable Type | Obs | Not-Null Count | Mean | Max | Min | Variable Description | Data From,,arts_entertainment_recreation\artsentrec_tract_2006-2015\documentation\data_dictionaries\spectator_sports_data_dictionary.xlsx
arts_entertainment_recreation,artsentrec_tract_2006-2015,amusement_arcades_dictionary.xlsx,.xlsx,*_dictionary.xlsx,other,Variable,9,Variable | Variable Type | Obs | Non-Zero Count | Mean | Max | Min | Variable Description | Data From,,arts_entertainment_recreation\artsentrec_tract_2006-2015\documentation\workfile_docs\amusement_arcades_dictionary.xlsx
arts_entertainment_recreation,artsentrec_tract_2006-2015,bowling_dictionary.xlsx,.xlsx,*_dictionary.xlsx,other,Variable,9,Variable | Variable Type | Obs | Not-Null Count | Mean | Max | Min | Variable Description | Data From,,arts_entertainment_recreation\artsentrec_tract_2006-2015\documentation\workfile_docs\bowling_dictionary.xlsx
arts_entertainment_recreation,artsentrec_tract_2006-2015,casino_hotels_dictionary.xlsx,.xlsx,*_dictionary.xlsx,other,Variable,9,Variable | Variable Type | Obs | Not-Null Count | Mean | Max | Min | Variable Description | Data From,,arts_entertainment_recreation\artsentrec_tract_2006-2015\documentation\workfile_docs\casino_hotels_dictionary.xlsx
arts_entertainment_recreation,artsentrec_tract_2006-2015,gambling_dictionary.xlsx,.xlsx,*_dictionary.xlsx,other,Variable,9,Variable | Variable Type | Obs | Not-Null Count | Mean | Max | Min | Variable Description | Data From,,arts_entertainment_recreation\artsentrec_tract_2006-2015\documentation\workfile_docs\gambling_dictionary.xlsx
arts_entertainment_recreation,artsentrec_tract_2006-2015,golf_dictionary.xlsx,.xlsx,*_dictionary.xlsx,other,Variable,9,Variable | Variable Type | Obs | Not-Null Count | Mean | Max | Min | Variable Description | Data From,,arts_entertainment_recreation\artsentrec_tract_2006-2015\documentation\workfile_docs\golf_dictionary.xlsx
arts_entertainment_recreation,artsentrec_tract_2006-2015,performing_arts_dictionary.xlsx,.xlsx,*_dictionary.xlsx,other,Variable,9,Variable | Variable Type | Obs | Non-Zero Count | Mean | Max | Min | Variable Description | Data From,,arts_entertainment_recreation\artsentrec_tract_2006-2015\documentation\workfile_docs\performing_arts_dictionary.xlsx
arts_entertainment_recreation,artsentrec_tract_2006-2015,spectator_sports_dictionary.xlsx,.xlsx,*_dictionary.xlsx,other,Variable,9,Variable | Variable Type | Obs | Non-Zero Count | Mean | Max | Min | Variable Description | Data From,,arts_entertainment_recreation\artsentrec_tract_2006-2015\documentation\workfile_docs\spectator_sports_dictionary.xlsx
arts_entertainment_recreation,artsentrec_zcta_2003-2017,nanda_artsentrec_zcta_2003-2017_01_data_dictionary.xlsx,.xlsx,*_data_dictionary.xlsx,publish,Variable,8,Variable | type | Obs | Unique | Mean | Min | Max | Label,,arts_entertainment_recreation\artsentrec_zcta_2003-2017\documentation\nanda_artsentrec_zcta_2003-2017_01_data_dictionary.xlsx
broadband,broadband_fcc_tract_2014-2018,data_dictionary_broadband1418.xlsx,.xlsx,*_data_dictionary.xlsx,publish,Variable,9,Variable | Type | Obs | Unique | Mean | Min | Max | Label | Additional information,,broadband\broadband_fcc_tract_2014-2018\documentation\data_dictionary_broadband1418.xlsx
broadband,broadband_fcc_tract_2014-2018,data_dictionary_broadband1418.xlsx,.xlsx,*_data_dictionary.xlsx,other,Variable,13,Add/Drop | Variable | Revised label | Type | Obs | Unique | Mean | Min | Max | Label | Revised label | Additional Information | Curation comments,,broadband\broadband_fcc_tract_2014-2018\notes\data_dictionary_broadband1418.xlsx
broadband,broadband_fcc_tract_2014-2018,dictionary.xlsx,.xlsx,*_dictionary.xlsx,other,,2,tract | 2010 Census tract number,,broadband\broadband_fcc_tract_2014-2018\documentation\workfile_docs\dictionary.xlsx
broadband,broadband_fcc_tract_2014-2020,nanda_brdband_tract_2014-2020_01_data_dictionary.xlsx,.xlsx,*_data_dictionary.xlsx,publish,Variable,9,Variable | Type | Obs | Unique | Mean | Min | Max | Label | Additional information,,broadband\broadband_fcc_tract_2014-2020\documentation\nanda_brdband_tract_2014-2020_01_data_dictionary.xlsx
broadband,broadband_fcc_zcta_2014-2018,broadband_zcta_2014-2018_01_data_dictionary.xlsx,.xlsx,*_data_dictionary.xlsx,publish,Variable,8,Variable | Type | Obs | Unique | Mean | Min | Max | Label,,broadband\broadband_fcc_zcta_2014-2018\documentation\broadband_zcta_2014-2018_01_data_dictionary.xlsx
broadband,broadband_fcc_zcta_2014-2020,nanda_brdband_zcta_2014-2020_01_data_dictionary.xlsx,.xlsx,*_data_dictionary.xlsx,publish,Variable,3,Variable | Type | Label,,broadband\broadband_fcc_zcta_2014-2020\documentation\nanda_brdband_zcta_2014-2020_01_data_dictionary.xlsx
broadband,broadband_tract_zcta_2025,validate_broadbnd_Tract20_2025_2025-12-11_data_dictionary.xlsx,.xlsx,*_data_dictionary.xlsx,validate,Variable,3,Variable | Type | Label,,broadband\broadband_tract_zcta_2025\code\validate_broadbnd_Tract20_2025_2025-12-11_data_dictionary.xlsx
broadband,broadband_tract_zcta_2025,validate_broadbnd_Zcta20_2025_2026-01-19_data_dictionary.xlsx,.xlsx,*_data_dictionary.xlsx,validate,Variable,3,Variable | Type | Label,,broadband\broadband_tract_zcta_2025\code\validate_broadbnd_Zcta20_2025_2026-01-19_data_dictionary.xlsx
broadband,broadband_tract_zcta_2025,nanda_broadbnd_Tract20_2025_01_data_dictionary.xlsx,.xlsx,*_data_dictionary.xlsx,publish,Variable,7,Variable | Type | Obs | Mean | Min | Max | Label,,broadband\broadband_tract_zcta_2025\documentation\nanda_broadbnd_Tract20_2025_01_data_dictionary.xlsx
broadband,broadband_tract_zcta_2025,nanda_broadbnd_Tract20_2025_dictionary.csv,.csv,*_dictionary.csv,publish,variable,8,variable | type | obs | unique | mean | min | max | label,,broadband\broadband_tract_zcta_2025\documentation\nanda_broadbnd_Tract20_2025_dictionary.csv
broadband,broadband_tract_zcta_2025,nanda_broadbnd_Zcta20_2025_01_data_dictionary.xlsx,.xlsx,*_data_dictionary.xlsx,publish,Variable,7,Variable | Type | Obs | Mean | Min | Max | Label,,broadband\broadband_tract_zcta_2025\documentation\nanda_broadbnd_Zcta20_2025_01_data_dictionary.xlsx
broadband,broadband_tract_zcta_2025,nanda_broadbnd_Zcta20_2025_dictionary.csv,.csv,*_dictionary.csv,publish,variable,8,variable | type | obs | unique | mean | min | max | label,,broadband\broadband_tract_zcta_2025\documentation\nanda_broadbnd_Zcta20_2025_dictionary.csv
broadband,internet_access_acs_tract_2015-2019,nanda_intacc_tract_2015-2019_01_data_dictionary.xlsx,.xlsx,*_data_dictionary.xlsx,publish,Variable,8,Variable | Type | Obs | Unique | Mean | Min | Max | Label,,broadband\internet_access_acs_tract_2015-2019\documentation\nanda_intacc_tract_2015-2019_01_data_dictionary.xlsx
broadband,internet_access_acs_zcta_2015_2019,nanda_intacc_zcta_2015-2019_01_data_dictionary.xlsx,.xlsx,*_data_dictionary.xlsx,publish,Variable,8,Variable | Type | Obs | Unique | Mean | Min | Max | Label,,broadband\internet_access_acs_zcta_2015_2019\documentation\nanda_intacc_zcta_2015-2019_01_data_dictionary.xlsx
crime,crime_county_2002-2014,crime_turnover_data_dictionary.xlsx,.xlsx,*_data_dictionary.xlsx,publish,Variable,9,Variable | Type | Obs | Unique | Mean | Min | Max | Label | Additional Information,,crime\crime_county_2002-2014\documentation\crime_turnover_data_dictionary.xlsx
dollar_stores,dollar_stores_1990-2021,nanda_dollarstores_tract10_1990-2021_01_data_dictionary.xlsx,.xlsx,*_data_dictionary.xlsx,publish,Variable,8,Variable | Type | Obs | Unique | Mean | Min | Max | Label,,dollar_stores\dollar_stores_1990-2021\documentation\nanda_dollarstores_tract10_1990-2021_01_data_dictionary.xlsx
dollar_stores,dollar_stores_1990-2021,nanda_dollarstores_tract20_1990-2021_01_data_dictionary.xlsx,.xlsx,*_data_dictionary.xlsx,publish,Variable,8,Variable | Type | Obs | Unique | Mean | Min | Max | Label,,dollar_stores\dollar_stores_1990-2021\documentation\nanda_dollarstores_tract20_1990-2021_01_data_dictionary.xlsx
dollar_stores,dollar_stores_1990-2021,nanda_dollarstores_zcta10_1990-2021_01_data_dictionary.xlsx,.xlsx,*_data_dictionary.xlsx,publish,Variable,8,Variable | Type | Obs | Unique | Mean | Min | Max | Label,,dollar_stores\dollar_stores_1990-2021\documentation\nanda_dollarstores_zcta10_1990-2021_01_data_dictionary.xlsx
dollar_stores,dollar_stores_1990-2021,nanda_dollarstores_ZCTA20_1990-2021_01_data_dictionary.xlsx,.xlsx,*_data_dictionary.xlsx,publish,Variable,8,Variable | Type | Obs | Unique | Mean | Min | Max | Label,,dollar_stores\dollar_stores_1990-2021\documentation\nanda_dollarstores_ZCTA20_1990-2021_01_data_dictionary.xlsx
dollar_stores,dollar_stores_1990-2022,validate_dollars_Tract10_1990-2022_2026-03-26_data_dictionary.xlsx,.xlsx,*_data_dictionary.xlsx,validate,Variable,3,Variable | Type | Label,,dollar_stores\dollar_stores_1990-2022\code\validate_dollars_Tract10_1990-2022_2026-03-26_data_dictionary.xlsx
dollar_stores,dollar_stores_1990-2022,validate_dollars_Tract20_1990-2022_2026-03-26_data_dictionary.xlsx,.xlsx,*_data_dictionary.xlsx,validate,Variable,3,Variable | Type | Label,,dollar_stores\dollar_stores_1990-2022\code\validate_dollars_Tract20_1990-2022_2026-03-26_data_dictionary.xlsx
dollar_stores,dollar_stores_1990-2022,validate_dollars_Zcta10_1990-2022_2026-03-26_data_dictionary.xlsx,.xlsx,*_data_dictionary.xlsx,validate,Variable,3,Variable | Type | Label,,dollar_stores\dollar_stores_1990-2022\code\validate_dollars_Zcta10_1990-2022_2026-03-26_data_dictionary.xlsx
dollar_stores,dollar_stores_1990-2022,validate_dollars_Zcta20_1990-2022_2026-03-26_data_dictionary.xlsx,.xlsx,*_data_dictionary.xlsx,validate,Variable,3,Variable | Type | Label,,dollar_stores\dollar_stores_1990-2022\code\validate_dollars_Zcta20_1990-2022_2026-03-26_data_dictionary.xlsx
dollar_stores,dollar_stores_1990-2022,nanda_dollars_Tract10_1990-2022_dictionary.csv,.csv,*_dictionary.csv,publish,variable,8,variable | type | obs | unique | mean | min | max | label,,dollar_stores\dollar_stores_1990-2022\documentation\nanda_dollars_Tract10_1990-2022_dictionary.csv
dollar_stores,dollar_stores_1990-2022,nanda_dollars_Tract10_1990-2022_dictionary_formatted.xlsx,.xlsx,*_dictionary.xlsx,publish,variable,8,variable | type | obs | unique | mean | min | max | label,,dollar_stores\dollar_stores_1990-2022\documentation\nanda_dollars_Tract10_1990-2022_dictionary_formatted.xlsx
dollar_stores,dollar_stores_1990-2022,nanda_dollars_Tract20_1990-2022_dictionary.csv,.csv,*_dictionary.csv,publish,variable,8,variable | type | obs | unique | mean | min | max | label,,dollar_stores\dollar_stores_1990-2022\documentation\nanda_dollars_Tract20_1990-2022_dictionary.csv
dollar_stores,dollar_stores_1990-2022,nanda_dollars_Tract20_1990-2022_dictionary_formatted.xlsx,.xlsx,*_dictionary.xlsx,publish,variable,8,variable | type | obs | unique | mean | min | max | label,,dollar_stores\dollar_stores_1990-2022\documentation\nanda_dollars_Tract20_1990-2022_dictionary_formatted.xlsx
dollar_stores,dollar_stores_1990-2022,nanda_dollars_Zcta10_1990-2022_dictionary.csv,.csv,*_dictionary.csv,publish,variable,8,variable | type | obs | unique | mean | min | max | label,,dollar_stores\dollar_stores_1990-2022\documentation\nanda_dollars_Zcta10_1990-2022_dictionary.csv
dollar_stores,dollar_stores_1990-2022,nanda_dollars_Zcta10_1990-2022_dictionary_formatted.xlsx,.xlsx,*_dictionary.xlsx,publish,variable,8,variable | type | obs | unique | mean | min | max | label,,dollar_stores\dollar_stores_1990-2022\documentation\nanda_dollars_Zcta10_1990-2022_dictionary_formatted.xlsx
dollar_stores,dollar_stores_1990-2022,nanda_dollars_Zcta20_1990-2022_dictionary.csv,.csv,*_dictionary.csv,publish,variable,8,variable | type | obs | unique | mean | min | max | label,,dollar_stores\dollar_stores_1990-2022\documentation\nanda_dollars_Zcta20_1990-2022_dictionary.csv
dollar_stores,dollar_stores_1990-2022,nanda_dollars_Zcta20_1990-2022_dictionary_formatted.xlsx,.xlsx,*_dictionary.xlsx,publish,variable,8,variable | type | obs | unique | mean | min | max | label,,dollar_stores\dollar_stores_1990-2022\documentation\nanda_dollars_Zcta20_1990-2022_dictionary_formatted.xlsx
dollar_stores,dollar_tract_2003-2017,nanda_dollar_tract_2003-2017_01_data_dictionary.xlsx,.xlsx,*_data_dictionary.xlsx,publish,Variable,8,Variable | Type | Obs | Unique | Mean | Min | Max | Label,,dollar_stores\dollar_tract_2003-2017\documentation\nanda_dollar_tract_2003-2017_01_data_dictionary.xlsx
dollar_stores,dollar_zcta_2003-2017,nanda_dollar_zcta_2003-2017_01_data_dictionary.xlsx,.xlsx,*_data_dictionary.xlsx,publish,Variable,8,Variable | Type | Obs | Unique | Mean | Min | Max | Label,,dollar_stores\dollar_zcta_2003-2017\documentation\nanda_dollar_zcta_2003-2017_01_data_dictionary.xlsx
eating_drinking,eatdrink_1990-2021,nanda_eatdrink_Tract10_1990-2021_01_data_dictionary.xlsx,.xlsx,*_data_dictionary.xlsx,publish,Variable,8,Variable | Type | Obs | Unique | Mean | Min | Max | Label,,eating_drinking\eatdrink_1990-2021\documentation\nanda_eatdrink_Tract10_1990-2021_01_data_dictionary.xlsx
eating_drinking,eatdrink_1990-2021,nanda_eatdrink_Tract20_1990-2021_01_data_dictionary.xlsx,.xlsx,*_data_dictionary.xlsx,publish,Variable,8,Variable | Type | Obs | Unique | Mean | Min | Max | Label,,eating_drinking\eatdrink_1990-2021\documentation\nanda_eatdrink_Tract20_1990-2021_01_data_dictionary.xlsx
eating_drinking,eatdrink_1990-2021,nanda_eatdrink_ZCTA10_1990-2021_01_data_dictionary.xlsx,.xlsx,*_data_dictionary.xlsx,publish,Variable,8,Variable | Type | Obs | Unique | Mean | Min | Max | Label,,eating_drinking\eatdrink_1990-2021\documentation\nanda_eatdrink_ZCTA10_1990-2021_01_data_dictionary.xlsx
eating_drinking,eatdrink_1990-2021,nanda_eatdrink_ZCTA20_1990-2021_01_data_dictionary.xlsx,.xlsx,*_data_dictionary.xlsx,publish,Variable,8,Variable | Type | Obs | Unique | Mean | Min | Max | Label,,eating_drinking\eatdrink_1990-2021\documentation\nanda_eatdrink_ZCTA20_1990-2021_01_data_dictionary.xlsx
eating_drinking,eatdrink_1990-2022,validate_eatdrink_Tract10_1990-2022_2026-03-26_data_dictionary.xlsx,.xlsx,*_data_dictionary.xlsx,validate,Variable,3,Variable | Type | Label,,eating_drinking\eatdrink_1990-2022\code\validate_eatdrink_Tract10_1990-2022_2026-03-26_data_dictionary.xlsx
eating_drinking,eatdrink_1990-2022,validate_eatdrink_Tract20_1990-2022_2026-03-26_data_dictionary.xlsx,.xlsx,*_data_dictionary.xlsx,validate,Variable,3,Variable | Type | Label,,eating_drinking\eatdrink_1990-2022\code\validate_eatdrink_Tract20_1990-2022_2026-03-26_data_dictionary.xlsx
eating_drinking,eatdrink_1990-2022,validate_eatdrink_Zcta10_1990-2022_2026-03-26_data_dictionary.xlsx,.xlsx,*_data_dictionary.xlsx,validate,Variable,3,Variable | Type | Label,,eating_drinking\eatdrink_1990-2022\code\validate_eatdrink_Zcta10_1990-2022_2026-03-26_data_dictionary.xlsx
eating_drinking,eatdrink_1990-2022,validate_eatdrink_Zcta20_1990-2022_2026-03-26_data_dictionary.xlsx,.xlsx,*_data_dictionary.xlsx,validate,Variable,3,Variable | Type | Label,,eating_drinking\eatdrink_1990-2022\code\validate_eatdrink_Zcta20_1990-2022_2026-03-26_data_dictionary.xlsx
eating_drinking,eatdrink_1990-2022,nanda_eatdrink_Tract10_1990-2022_dictionary.csv,.csv,*_dictionary.csv,publish,variable,8,variable | type | obs | unique | mean | min | max | label,,eating_drinking\eatdrink_1990-2022\documentation\nanda_eatdrink_Tract10_1990-2022_dictionary.csv
eating_drinking,eatdrink_1990-2022,nanda_eatdrink_Tract10_1990-2022_dictionary_formatted.xlsx,.xlsx,*_dictionary.xlsx,publish,variable,8,variable | type | obs | unique | mean | min | max | label,,eating_drinking\eatdrink_1990-2022\documentation\nanda_eatdrink_Tract10_1990-2022_dictionary_formatted.xlsx
eating_drinking,eatdrink_1990-2022,nanda_eatdrink_Tract10_1990-2022_dictionary_revised.csv,.csv,*_dictionary.csv,publish,variable,8,variable | type | obs | unique | mean | min | max | label,,eating_drinking\eatdrink_1990-2022\documentation\nanda_eatdrink_Tract10_1990-2022_dictionary_revised.csv
eating_drinking,eatdrink_1990-2022,nanda_eatdrink_Tract20_1990-2022_dictionary.csv,.csv,*_dictionary.csv,publish,variable,8,variable | type | obs | unique | mean | min | max | label,,eating_drinking\eatdrink_1990-2022\documentation\nanda_eatdrink_Tract20_1990-2022_dictionary.csv
eating_drinking,eatdrink_1990-2022,nanda_eatdrink_Tract20_1990-2022_dictionary_formatted.xlsx,.xlsx,*_dictionary.xlsx,publish,variable,8,variable | type | obs | unique | mean | min | max | label,,eating_drinking\eatdrink_1990-2022\documentation\nanda_eatdrink_Tract20_1990-2022_dictionary_formatted.xlsx
eating_drinking,eatdrink_1990-2022,nanda_eatdrink_Zcta10_1990-2022_dictionary.csv,.csv,*_dictionary.csv,publish,variable,8,variable | type | obs | unique | mean | min | max | label,,eating_drinking\eatdrink_1990-2022\documentation\nanda_eatdrink_Zcta10_1990-2022_dictionary.csv
eating_drinking,eatdrink_1990-2022,nanda_eatdrink_Zcta10_1990-2022_dictionary_formatted.xlsx,.xlsx,*_dictionary.xlsx,publish,variable,8,variable | type | obs | unique | mean | min | max | label,,eating_drinking\eatdrink_1990-2022\documentation\nanda_eatdrink_Zcta10_1990-2022_dictionary_formatted.xlsx
eating_drinking,eatdrink_1990-2022,nanda_eatdrink_Zcta20_1990-2022_dictionary.csv,.csv,*_dictionary.csv,publish,variable,8,variable | type | obs | unique | mean | min | max | label,,eating_drinking\eatdrink_1990-2022\documentation\nanda_eatdrink_Zcta20_1990-2022_dictionary.csv
eating_drinking,eatdrink_1990-2022,nanda_eatdrink_Zcta20_1990-2022_dictionary_formatted.xlsx,.xlsx,*_dictionary.xlsx,publish,variable,8,variable | type | obs | unique | mean | min | max | label,,eating_drinking\eatdrink_1990-2022\documentation\nanda_eatdrink_Zcta20_1990-2022_dictionary_formatted.xlsx
eating_drinking,eatdrink_tract_2003-2017,nanda_eatdrink_tract_2003-2017_01_data_dictionary.xlsx,.xlsx,*_data_dictionary.xlsx,publish,Variable,8,Variable | Type | Obs | Unique | Mean | Min | Max | Label,,eating_drinking\eatdrink_tract_2003-2017\documentation\nanda_eatdrink_tract_2003-2017_01_data_dictionary.xlsx
eating_drinking,eatdrink_tract_2006-2015,bars_data_dictionary.xlsx,.xlsx,*_data_dictionary.xlsx,publish,Variable,9,Variable | Variable Type | Obs | Not-Null Count | Mean | Min | Max | Variable Description | Data From,,eating_drinking\eatdrink_tract_2006-2015\documentation\bars_data_dictionary.xlsx
eating_drinking,eatdrink_tract_2006-2015,coffee_snack_data_dictionary.xlsx,.xlsx,*_data_dictionary.xlsx,publish,Variable,9,Variable | Variable Type | Obs | Not-Null Count | Mean | Min | Max | Variable Description | Data From,,eating_drinking\eatdrink_tract_2006-2015\documentation\coffee_snack_data_dictionary.xlsx
eating_drinking,eatdrink_tract_2006-2015,fastfood_data_dictionary.xlsx,.xlsx,*_data_dictionary.xlsx,publish,Variable,9,Variable | Variable Type | Obs | Non-Zero Count | Mean | Min | Max | Variable Description | Data From,,eating_drinking\eatdrink_tract_2006-2015\documentation\fastfood_data_dictionary.xlsx
eating_drinking,eatdrink_tract_2006-2015,restaurants_data_dictionary.xlsx,.xlsx,*_data_dictionary.xlsx,publish,Variable,9,Variable | Variable Type | Obs | Not-Null Count | Mean | Min | Max | Variable Description | Data From,,eating_drinking\eatdrink_tract_2006-2015\documentation\restaurants_data_dictionary.xlsx
eating_drinking,eatdrink_zcta_2003-2017,nanda_eatdrink_zcta_2003-2017_01_data_dictionary.xlsx,.xlsx,*_data_dictionary.xlsx,publish,Variable,8,Variable | Type | Obs | Unique | Mean | Min | Max | Label,,eating_drinking\eatdrink_zcta_2003-2017\documentation\nanda_eatdrink_zcta_2003-2017_01_data_dictionary.xlsx
education_training,edtrain_tract_2003-2017,nanda_edtrain_tract_2003-2017_01_data_dictionary.xlsx,.xlsx,*_data_dictionary.xlsx,publish,Variable,8,Variable | Type | Obs | Unique | Mean | Min | Max | Label,,education_training\edtrain_tract_2003-2017\documentation\nanda_edtrain_tract_2003-2017_01_data_dictionary.xlsx
education_training,edtrain_zcta_2003-2017,nanda_edtrain_zcta_2003-2017_01_data_dictionary.xlsx,.xlsx,*_data_dictionary.xlsx,publish,Variable,8,Variable | Type | Obs | Unique | Mean | Min | Max | Label,,education_training\edtrain_zcta_2003-2017\documentation\nanda_edtrain_zcta_2003-2017_01_data_dictionary.xlsx
education_training,schools_nets_tract_2006-2015,schools_data_dictionary.xlsx,.xlsx,*_data_dictionary.xlsx,publish,Variable,9,Variable | Variable Type | Obs | Not-Null Count | Mean | Min | Max | Variable Description | Data From,,education_training\schools_nets_tract_2006-2015\documentation\schools_data_dictionary.xlsx
essential_businesses,documentation,nanda_ebusiness_Tract10_2020-2021_02_data_dictionary.xlsx,.xlsx,*_data_dictionary.xlsx,publish,Variable,3,Variable | Type | Label,,essential_businesses\documentation\nanda_ebusiness_Tract10_2020-2021_02_data_dictionary.xlsx
essential_businesses,documentation,nanda_ebusiness_Tract10_2020_01_data_dictionary.xlsx,.xlsx,*_data_dictionary.xlsx,publish,Variable,20,Variable | Type | Obs | Unique | Mean | Min | Max | Label |  |  |  |  |  |  |  |  |  |  |  | ,,essential_businesses\documentation\nanda_ebusiness_Tract10_2020_01_data_dictionary.xlsx
essential_businesses,documentation,nanda_ebusiness_Tract10_2020_dictionary.csv,.csv,*_dictionary.csv,publish,variable,8,variable | type | obs | unique | mean | min | max | label,,essential_businesses\documentation\nanda_ebusiness_Tract10_2020_dictionary.csv
essential_businesses,documentation,nanda_ebusiness_Tract20_2020-2021_02_data_dictionary.xlsx,.xlsx,*_data_dictionary.xlsx,publish,Variable,3,Variable | Type | Label,,essential_businesses\documentation\nanda_ebusiness_Tract20_2020-2021_02_data_dictionary.xlsx
essential_businesses,documentation,nanda_ebusiness_Tract20_2020_01_data_dictionary.xlsx,.xlsx,*_data_dictionary.xlsx,publish,Variable,8,Variable | Type | Obs | Unique | Mean | Min | Max | Label,,essential_businesses\documentation\nanda_ebusiness_Tract20_2020_01_data_dictionary.xlsx
essential_businesses,documentation,nanda_ebusiness_Tract20_2020_dictionary.csv,.csv,*_dictionary.csv,publish,variable,8,variable | type | obs | unique | mean | min | max | label,,essential_businesses\documentation\nanda_ebusiness_Tract20_2020_dictionary.csv
essential_businesses,documentation,nanda_ebusiness_Zcta10_2020-2021_02_data_dictionary.xlsx,.xlsx,*_data_dictionary.xlsx,publish,Variable,3,Variable | Type | Label,,essential_businesses\documentation\nanda_ebusiness_Zcta10_2020-2021_02_data_dictionary.xlsx
essential_businesses,documentation,nanda_ebusiness_Zcta10_2020_01_data_dictionary.xlsx,.xlsx,*_data_dictionary.xlsx,publish,,8,ZCTA10 Variable | Type | Obs | Unique | Mean | Min | Max | Label,,essential_businesses\documentation\nanda_ebusiness_Zcta10_2020_01_data_dictionary.xlsx
essential_businesses,documentation,nanda_ebusiness_Zcta10_2020_dictionary.csv,.csv,*_dictionary.csv,publish,variable,8,variable | type | obs | unique | mean | min | max | label,,essential_businesses\documentation\nanda_ebusiness_Zcta10_2020_dictionary.csv
essential_businesses,documentation,nanda_ebusiness_Zcta20_2020-2021_02_data_dictionary.xlsx,.xlsx,*_data_dictionary.xlsx,publish,Variable,3,Variable | Type | Label,,essential_businesses\documentation\nanda_ebusiness_Zcta20_2020-2021_02_data_dictionary.xlsx
essential_businesses,documentation,nanda_ebusiness_Zcta20_2020_01_data_dictionary.xlsx,.xlsx,*_data_dictionary.xlsx,publish,Variable,8,Variable | Type | Obs | Unique | Mean | Min | Max | Label,,essential_businesses\documentation\nanda_ebusiness_Zcta20_2020_01_data_dictionary.xlsx
essential_businesses,documentation,nanda_ebusiness_Zcta20_2020_dictionary.csv,.csv,*_dictionary.csv,publish,variable,9,variable | type | obs | unique | mean | min | max | label | ,,essential_businesses\documentation\nanda_ebusiness_Zcta20_2020_dictionary.csv
essential_workers,ewrkr_2016-2020,nanda_essential_workers_Tract20_2016-2020_01_data_dictionary.xlsx,.xlsx,*_data_dictionary.xlsx,publish,Variable,3,Variable | Type | Label,,essential_workers\ewrkr_2016-2020\documentation\nanda_essential_workers_Tract20_2016-2020_01_data_dictionary.xlsx
essential_workers,ewrkr_2016-2020,nanda_essential_workers_ZCTA20_2016-2020_01_data_dictionary.xlsx,.xlsx,*_data_dictionary.xlsx,publish,Variable,3,Variable | Type | Label,,essential_workers\ewrkr_2016-2020\documentation\nanda_essential_workers_ZCTA20_2016-2020_01_data_dictionary.xlsx
essential_workers,ewrkr_2018-2022,nanda_essential_workers_Tract20_2018-2022_01_data_dictionary.xlsx,.xlsx,*_data_dictionary.xlsx,publish,Variable,3,Variable | Type | Label,,essential_workers\ewrkr_2018-2022\documentation\nanda_essential_workers_Tract20_2018-2022_01_data_dictionary.xlsx
essential_workers,ewrkr_2018-2022,nanda_essential_workers_Tract20_2018-2022_02_data_dictionary.xlsx,.xlsx,*_data_dictionary.xlsx,publish,Variable,3,Variable | Type | Label,,essential_workers\ewrkr_2018-2022\documentation\nanda_essential_workers_Tract20_2018-2022_02_data_dictionary.xlsx
essential_workers,ewrkr_2018-2022,nanda_essential_workers_ZCTA20_2018-2022_01_data_dictionary.xlsx,.xlsx,*_data_dictionary.xlsx,publish,Variable,3,Variable | Type | Label,,essential_workers\ewrkr_2018-2022\documentation\nanda_essential_workers_ZCTA20_2018-2022_01_data_dictionary.xlsx
essential_workers,ewrkr_2018-2022,nanda_ewrkr_Tract20_2018-2022_dictionary.csv,.csv,*_dictionary.csv,publish,variable,8,variable | type | obs | unique | mean | min | max | label,,essential_workers\ewrkr_2018-2022\documentation\nanda_ewrkr_Tract20_2018-2022_dictionary.csv
essential_workers,ewrkr_2018-2022,nanda_ewrkr_Zcta20_2018-2022_dictionary.csv,.csv,*_dictionary.csv,publish,variable,8,variable | type | obs | unique | mean | min | max | label,,essential_workers\ewrkr_2018-2022\documentation\nanda_ewrkr_Zcta20_2018-2022_dictionary.csv
grocery_stores,grocery_1990-2021,nanda_grocery_Tract10_1990-2021_01_data_dictionary.xlsx,.xlsx,*_data_dictionary.xlsx,publish,Variable,8,Variable | Type | Observations | Unique | Mean | Min | Max | Label,,grocery_stores\grocery_1990-2021\documentation\nanda_grocery_Tract10_1990-2021_01_data_dictionary.xlsx
grocery_stores,grocery_1990-2021,nanda_grocery_tract20_1990-2021_02_data_dictionary.xlsx,.xlsx,*_data_dictionary.xlsx,publish,Variable,8,Variable | Type | Obs | Unique | Mean | Min | Max | Label,,grocery_stores\grocery_1990-2021\documentation\nanda_grocery_tract20_1990-2021_02_data_dictionary.xlsx
grocery_stores,grocery_1990-2021,nanda_grocery_ZCTA10_1990-2021_01_data_dictionary.xlsx,.xlsx,*_data_dictionary.xlsx,publish,Variable,8,Variable | Type | Obs | Unique | Mean | Min | Max | Label,,grocery_stores\grocery_1990-2021\documentation\nanda_grocery_ZCTA10_1990-2021_01_data_dictionary.xlsx
grocery_stores,grocery_1990-2021,nanda_grocery_ZCTA20_1990-2021_01_data_dictionary.xlsx,.xlsx,*_data_dictionary.xlsx,publish,Variable,8,Variable | Type | Obs | Unique | Mean | Min | Max | Label,,grocery_stores\grocery_1990-2021\documentation\nanda_grocery_ZCTA20_1990-2021_01_data_dictionary.xlsx
grocery_stores,grocery_1990-2022,validate_grocery_Tract10_1990-2022_2026-03-26_data_dictionary.xlsx,.xlsx,*_data_dictionary.xlsx,validate,Variable,3,Variable | Type | Label,,grocery_stores\grocery_1990-2022\code\validate_grocery_Tract10_1990-2022_2026-03-26_data_dictionary.xlsx
grocery_stores,grocery_1990-2022,validate_grocery_Tract20_1990-2022_2026-03-26_data_dictionary.xlsx,.xlsx,*_data_dictionary.xlsx,validate,Variable,3,Variable | Type | Label,,grocery_stores\grocery_1990-2022\code\validate_grocery_Tract20_1990-2022_2026-03-26_data_dictionary.xlsx
grocery_stores,grocery_1990-2022,validate_grocery_Zcta10_1990-2022_2026-03-26_data_dictionary.xlsx,.xlsx,*_data_dictionary.xlsx,validate,Variable,3,Variable | Type | Label,,grocery_stores\grocery_1990-2022\code\validate_grocery_Zcta10_1990-2022_2026-03-26_data_dictionary.xlsx
grocery_stores,grocery_1990-2022,validate_grocery_Zcta20_1990-2022_2026-03-26_data_dictionary.xlsx,.xlsx,*_data_dictionary.xlsx,validate,Variable,3,Variable | Type | Label,,grocery_stores\grocery_1990-2022\code\validate_grocery_Zcta20_1990-2022_2026-03-26_data_dictionary.xlsx
grocery_stores,grocery_1990-2022,nanda_grocery_Tract10_1990-2022_dictionary.csv,.csv,*_dictionary.csv,publish,variable,8,variable | type | obs | unique | mean | min | max | label,,grocery_stores\grocery_1990-2022\documentation\nanda_grocery_Tract10_1990-2022_dictionary.csv
grocery_stores,grocery_1990-2022,nanda_grocery_Tract10_1990-2022_dictionary_formatted.xlsx,.xlsx,*_dictionary.xlsx,publish,variable,8,variable | type | obs | unique | mean | min | max | label,,grocery_stores\grocery_1990-2022\documentation\nanda_grocery_Tract10_1990-2022_dictionary_formatted.xlsx
grocery_stores,grocery_1990-2022,nanda_grocery_Tract20_1990-2022_dictionary.csv,.csv,*_dictionary.csv,publish,variable,8,variable | type | obs | unique | mean | min | max | label,,grocery_stores\grocery_1990-2022\documentation\nanda_grocery_Tract20_1990-2022_dictionary.csv
grocery_stores,grocery_1990-2022,nanda_grocery_Tract20_1990-2022_dictionary_formatted.xlsx,.xlsx,*_dictionary.xlsx,publish,variable,8,variable | type | obs | unique | mean | min | max | label,,grocery_stores\grocery_1990-2022\documentation\nanda_grocery_Tract20_1990-2022_dictionary_formatted.xlsx
grocery_stores,grocery_1990-2022,nanda_grocery_Zcta10_1990-2022_dictionary.csv,.csv,*_dictionary.csv,publish,variable,8,variable | type | obs | unique | mean | min | max | label,,grocery_stores\grocery_1990-2022\documentation\nanda_grocery_Zcta10_1990-2022_dictionary.csv
grocery_stores,grocery_1990-2022,nanda_grocery_Zcta10_1990-2022_dictionary_formatted.xlsx,.xlsx,*_dictionary.xlsx,publish,variable,8,variable | type | obs | unique | mean | min | max | label,,grocery_stores\grocery_1990-2022\documentation\nanda_grocery_Zcta10_1990-2022_dictionary_formatted.xlsx
grocery_stores,grocery_1990-2022,nanda_grocery_Zcta20_1990-2022_dictionary.csv,.csv,*_dictionary.csv,publish,variable,8,variable | type | obs | unique | mean | min | max | label,,grocery_stores\grocery_1990-2022\documentation\nanda_grocery_Zcta20_1990-2022_dictionary.csv
grocery_stores,grocery_1990-2022,nanda_grocery_Zcta20_1990-2022_dictionary_formatted.xlsx,.xlsx,*_dictionary.xlsx,publish,variable,8,variable | type | obs | unique | mean | min | max | label,,grocery_stores\grocery_1990-2022\documentation\nanda_grocery_Zcta20_1990-2022_dictionary_formatted.xlsx
grocery_stores,grocery_tract_2003-2017,nanda_grocery_tract_2003-2017_01_data_dictionary.xlsx,.xlsx,*_data_dictionary.xlsx,publish,Variable,8,Variable | Type | Obs | Unique | Mean | Min | Max | Label,,grocery_stores\grocery_tract_2003-2017\documentation\nanda_grocery_tract_2003-2017_01_data_dictionary.xlsx
grocery_stores,grocery_zcta_2003-2017,nanda_grocery_zcta_2003-2017_01_data_dictionary.xlsx,.xlsx,*_data_dictionary.xlsx,publish,Variable,8,Variable | Type | Obs | Unique | Mean | Min | Max | Label,,grocery_stores\grocery_zcta_2003-2017\documentation\nanda_grocery_zcta_2003-2017_01_data_dictionary.xlsx
health_care_nets,health_care_nets_1990-2021,nanda_healthcare_Tract10_1990-2021_01_data_dictionary.xlsx,.xlsx,*_data_dictionary.xlsx,publish,Variable,8,Variable | Type | Obs | Unique | Mean | Min | Max | Label,,health_care_nets\health_care_nets_1990-2021\documentation\nanda_healthcare_Tract10_1990-2021_01_data_dictionary.xlsx
health_care_nets,health_care_nets_1990-2021,nanda_healthcare_Tract20_1990-2021_01_data_dictionary.xlsx,.xlsx,*_data_dictionary.xlsx,publish,Variable,8,Variable | Type | Obs | Unique | Mean | Min | Max | Label,,health_care_nets\health_care_nets_1990-2021\documentation\nanda_healthcare_Tract20_1990-2021_01_data_dictionary.xlsx
health_care_nets,health_care_nets_1990-2021,nanda_healthcare_ZCTA10_1990-2021_01_data_dictionary.xlsx,.xlsx,*_data_dictionary.xlsx,publish,Variable,8,Variable | Type | Obs | Unique | Mean | Min | Max | Label,,health_care_nets\health_care_nets_1990-2021\documentation\nanda_healthcare_ZCTA10_1990-2021_01_data_dictionary.xlsx
health_care_nets,health_care_nets_1990-2021,nanda_healthcare_ZCTA20_1990-2021_01_data_dictionary.xlsx,.xlsx,*_data_dictionary.xlsx,publish,Variable,8,Variable | Type | Obs | Unique | Mean | Min | Max | Label,,health_care_nets\health_care_nets_1990-2021\documentation\nanda_healthcare_ZCTA20_1990-2021_01_data_dictionary.xlsx
health_care_nets,health_care_nets_1990-2022,validate_health_care_nets_Tract10_1990-2022_2026-03-04_data_dictionary.xlsx,.xlsx,*_data_dictionary.xlsx,validate,Variable,3,Variable | Type | Label,,health_care_nets\health_care_nets_1990-2022\code\validate_health_care_nets_Tract10_1990-2022_2026-03-04_data_dictionary.xlsx
health_care_nets,health_care_nets_1990-2022,validate_health_care_nets_Tract20_1990-2022_2026-03-04_data_dictionary.xlsx,.xlsx,*_data_dictionary.xlsx,validate,Variable,3,Variable | Type | Label,,health_care_nets\health_care_nets_1990-2022\code\validate_health_care_nets_Tract20_1990-2022_2026-03-04_data_dictionary.xlsx
health_care_nets,health_care_nets_1990-2022,validate_health_care_nets_Zcta10_1990-2022_2026-03-04_data_dictionary.xlsx,.xlsx,*_data_dictionary.xlsx,validate,Variable,3,Variable | Type | Label,,health_care_nets\health_care_nets_1990-2022\code\validate_health_care_nets_Zcta10_1990-2022_2026-03-04_data_dictionary.xlsx
health_care_nets,health_care_nets_1990-2022,validate_health_care_nets_Zcta20_1990-2022_2026-03-04_data_dictionary.xlsx,.xlsx,*_data_dictionary.xlsx,validate,Variable,3,Variable | Type | Label,,health_care_nets\health_care_nets_1990-2022\code\validate_health_care_nets_Zcta20_1990-2022_2026-03-04_data_dictionary.xlsx
health_care_nets,health_care_nets_1990-2022,nanda_healthcare_Tract10_1990-2022_dictionary.csv,.csv,*_dictionary.csv,publish,variable,8,variable | type | obs | unique | mean | min | max | label,,health_care_nets\health_care_nets_1990-2022\documentation\nanda_healthcare_Tract10_1990-2022_dictionary.csv
health_care_nets,health_care_nets_1990-2022,nanda_healthcare_Tract10_1990-2022_dictionary_formatted.xlsx,.xlsx,*_dictionary.xlsx,publish,variable,8,variable | type | obs | unique | mean | min | max | label,,health_care_nets\health_care_nets_1990-2022\documentation\nanda_healthcare_Tract10_1990-2022_dictionary_formatted.xlsx
health_care_nets,health_care_nets_1990-2022,nanda_healthcare_Tract20_1990-2022_dictionary.csv,.csv,*_dictionary.csv,publish,variable,8,variable | type | obs | unique | mean | min | max | label,,health_care_nets\health_care_nets_1990-2022\documentation\nanda_healthcare_Tract20_1990-2022_dictionary.csv
health_care_nets,health_care_nets_1990-2022,nanda_healthcare_Tract20_1990-2022_dictionary_formatted.xlsx,.xlsx,*_dictionary.xlsx,publish,variable,8,variable | type | obs | unique | mean | min | max | label,,health_care_nets\health_care_nets_1990-2022\documentation\nanda_healthcare_Tract20_1990-2022_dictionary_formatted.xlsx
health_care_nets,health_care_nets_1990-2022,nanda_healthcare_Zcta10_1990-2022_dictionary.csv,.csv,*_dictionary.csv,publish,variable,8,variable | type | obs | unique | mean | min | max | label,,health_care_nets\health_care_nets_1990-2022\documentation\nanda_healthcare_Zcta10_1990-2022_dictionary.csv
health_care_nets,health_care_nets_1990-2022,nanda_healthcare_Zcta10_1990-2022_dictionary_formatted.xlsx,.xlsx,*_dictionary.xlsx,publish,variable,8,variable | type | obs | unique | mean | min | max | label,,health_care_nets\health_care_nets_1990-2022\documentation\nanda_healthcare_Zcta10_1990-2022_dictionary_formatted.xlsx
health_care_nets,health_care_nets_1990-2022,nanda_healthcare_Zcta20_1990-2022_dictionary.csv,.csv,*_dictionary.csv,publish,variable,8,variable | type | obs | unique | mean | min | max | label,,health_care_nets\health_care_nets_1990-2022\documentation\nanda_healthcare_Zcta20_1990-2022_dictionary.csv
health_care_nets,health_care_nets_1990-2022,nanda_healthcare_Zcta20_1990-2022_dictionary_formatted.xlsx,.xlsx,*_dictionary.xlsx,publish,variable,8,variable | type | obs | unique | mean | min | max | label,,health_care_nets\health_care_nets_1990-2022\documentation\nanda_healthcare_Zcta20_1990-2022_dictionary_formatted.xlsx
health_care_nets,health_care_nets_tract_2003-2017,nanda_healthcare_tract_2003-2017_01_data_dictionary.xlsx,.xlsx,*_data_dictionary.xlsx,publish,Variable,8,Variable | Format | Obs | Unique | Mean | Min | Max | Label,,health_care_nets\health_care_nets_tract_2003-2017\documentation\nanda_healthcare_tract_2003-2017_01_data_dictionary.xlsx
health_care_nets,health_care_nets_tract_2003-2017,nanda_healthcare_tract_2003-2017_02_data_dictionary.xlsx,.xlsx,*_data_dictionary.xlsx,publish,Variable,8,Variable | Type | Obs | Unique | Mean | Min | Max | Label,,health_care_nets\health_care_nets_tract_2003-2017\documentation\nanda_healthcare_tract_2003-2017_02_data_dictionary.xlsx
health_care_nets,health_care_nets_tract_2003-2017,nanda_healthcare_tract_2003-2017_03_data_dictionary.xlsx,.xlsx,*_data_dictionary.xlsx,publish,Variable,8,Variable | Type | Obs | Unique | Mean | Min | Max | Label,,health_care_nets\health_care_nets_tract_2003-2017\documentation\nanda_healthcare_tract_2003-2017_03_data_dictionary.xlsx
health_care_nets,health_care_nets_tract_2006-2015,ambulatory_health_care_data_dictionary.xlsx,.xlsx,*_data_dictionary.xlsx,publish,Variable,9,Variable | Variable Type | Obs | Not-Null Count | Mean | Min | Max | Variable Description | Data From,,health_care_nets\health_care_nets_tract_2006-2015\documentation\ambulatory_health_care_data_dictionary.xlsx
health_care_nets,health_care_nets_tract_2006-2015,hospitals_data_dictionary.xlsx,.xlsx,*_data_dictionary.xlsx,publish,Variable,9,Variable | Variable Type | Obs | Not-Null Count | Mean | Min | Max | Variable Description | Data From,,health_care_nets\health_care_nets_tract_2006-2015\documentation\hospitals_data_dictionary.xlsx
health_care_nets,health_care_nets_tract_2006-2015,nursing_data_dictionary.xlsx,.xlsx,*_data_dictionary.xlsx,publish,Variable,9,Variable | Variable Type | Obs | Not-Null Count | Mean | Min | Max | Variable Description | Data From,,health_care_nets\health_care_nets_tract_2006-2015\documentation\nursing_data_dictionary.xlsx
health_care_nets,health_care_nets_tract_2006-2015,pharmacies_data_dictionary.xlsx,.xlsx,*_data_dictionary.xlsx,publish,Variable,9,Variable | Variable Type | Obs | Not-Null Count | Mean | Min | Max | Variable Description | Data From,,health_care_nets\health_care_nets_tract_2006-2015\documentation\pharmacies_data_dictionary.xlsx
health_care_nets,health_care_nets_zcta_2003-2017,nanda_healthcare_zcta_2003-2017_01_data_dictionary.xlsx,.xlsx,*_data_dictionary.xlsx,publish,Variable,8,Variable | type | Obs | Unique | Mean | Min | Max | Label,,health_care_nets\health_care_nets_zcta_2003-2017\documentation\nanda_healthcare_zcta_2003-2017_01_data_dictionary.xlsx
health_care_nets,health_care_nets_zcta_2003-2017,nanda_healthcare_zcta_2003-2017_02_data_dictionary.xlsx,.xlsx,*_data_dictionary.xlsx,publish,Variable,8,Variable | Type | Obs | Unique | Mean | Min | Max | Label,,health_care_nets\health_care_nets_zcta_2003-2017\documentation\nanda_healthcare_zcta_2003-2017_02_data_dictionary.xlsx
health_care_nets,health_care_nets_zcta_2003-2017,nanda_healthcare_zcta_2003-2017_03_data_dictionary.xlsx,.xlsx,*_data_dictionary.xlsx,publish,Variable,8,Variable | Type | Obs | Unique | Mean | Min | Max | Label,,health_care_nets\health_care_nets_zcta_2003-2017\documentation\nanda_healthcare_zcta_2003-2017_03_data_dictionary.xlsx
health_care_nets,health_care_nets_zcta_2003-2017,nanda_healthcare_zcta_2003-2017_04_data_dictionary.xlsx,.xlsx,*_data_dictionary.xlsx,publish,Variable,8,Variable | Type | Obs | Unique | Mean | Min | Max | Label,,health_care_nets\health_care_nets_zcta_2003-2017\documentation\nanda_healthcare_zcta_2003-2017_04_data_dictionary.xlsx
HMDA,documentation,nanda_HMDA_Decadal_Tract10_1981-2020_01_data_dictionary.xlsx,.xlsx,*_data_dictionary.xlsx,publish,Variable,3,Variable | Type | Label,,HMDA\documentation\nanda_HMDA_Decadal_Tract10_1981-2020_01_data_dictionary.xlsx
HMDA,documentation,nanda_HMDA_Yearly_Tract10_1981-2020_01_data_dictionary.xlsx,.xlsx,*_data_dictionary.xlsx,publish,Variable,3,Variable | Type | Label,,HMDA\documentation\nanda_HMDA_Yearly_Tract10_1981-2020_01_data_dictionary.xlsx
HMDA,documentation,nanda_HMDA_Yearly_Tract10_1981-2021_02_data_dictionary.xlsx,.xlsx,*_data_dictionary.xlsx,publish,Variable,3,Variable | Type | Label,,HMDA\documentation\nanda_HMDA_Yearly_Tract10_1981-2021_02_data_dictionary.xlsx
hospitals,2023,nanda_hospitals_Tract10_2023_01_data_dictionary.xlsx,.xlsx,*_data_dictionary.xlsx,publish,Variable,9,Variable | Type | Label | Obs | Unique | Mean | Min | Max | Label,,hospitals\2023\documentation\nanda_hospitals_Tract10_2023_01_data_dictionary.xlsx
hospitals,2023,nanda_hospitals_Tract20_2023_01_data_dictionary.xlsx,.xlsx,*_data_dictionary.xlsx,publish,Variable,10,Variable | Type | Label | Variable | Obs | Unique | Mean | Min | Max | Label,,hospitals\2023\documentation\nanda_hospitals_Tract20_2023_01_data_dictionary.xlsx
hospitals,2023,nanda_hospitals_ZCTA10_2023_01_data_dictionary.xlsx,.xlsx,*_data_dictionary.xlsx,publish,Variable,9,Variable | Type | Label | Obs | Unique | Mean | Min | Max | Label,,hospitals\2023\documentation\nanda_hospitals_ZCTA10_2023_01_data_dictionary.xlsx
hospitals,2023,nanda_hospitals_ZCTA20_2023_01_data_dictionary.xlsx,.xlsx,*_data_dictionary.xlsx,publish,Variable,9,Variable | Type | Label | Obs | Unique | Mean | Min | Max | Label,,hospitals\2023\documentation\nanda_hospitals_ZCTA20_2023_01_data_dictionary.xlsx
land_cover,landcover_1985-2023,nanda_landcover_Tract10_1985-2023_01_data_dictionary.xlsx,.xlsx,*_data_dictionary.xlsx,publish,Variable,3,Variable | Type | Label,,land_cover\landcover_1985-2023\documentation\nanda_landcover_Tract10_1985-2023_01_data_dictionary.xlsx
land_cover,landcover_1985-2023,nanda_landcover_Tract10_1985-2023_03_data_dictionary.xlsx,.xlsx,*_data_dictionary.xlsx,publish,Variable,3,Variable | Type | Label,,land_cover\landcover_1985-2023\documentation\nanda_landcover_Tract10_1985-2023_03_data_dictionary.xlsx
land_cover,landcover_1985-2023,nanda_landcover_Tract20_1985-2023_01_data_dictionary.xlsx,.xlsx,*_data_dictionary.xlsx,publish,Variable,3,Variable | Type | Label,,land_cover\landcover_1985-2023\documentation\nanda_landcover_Tract20_1985-2023_01_data_dictionary.xlsx
land_cover,landcover_1985-2023,nanda_landcover_Tract20_1985-2023_03_data_dictionary.xlsx,.xlsx,*_data_dictionary.xlsx,publish,Variable,3,Variable | Type | Label,,land_cover\landcover_1985-2023\documentation\nanda_landcover_Tract20_1985-2023_03_data_dictionary.xlsx
land_cover,landcover_1985-2023,nanda_landcover_ZCTA10_1985-2023_01_data_dictionary.xlsx,.xlsx,*_data_dictionary.xlsx,publish,Variable,3,Variable | Type | Label,,land_cover\landcover_1985-2023\documentation\nanda_landcover_ZCTA10_1985-2023_01_data_dictionary.xlsx
land_cover,landcover_1985-2023,nanda_landcover_ZCTA10_1985-2023_03_data_dictionary.xlsx,.xlsx,*_data_dictionary.xlsx,publish,Variable,3,Variable | Type | Label,,land_cover\landcover_1985-2023\documentation\nanda_landcover_ZCTA10_1985-2023_03_data_dictionary.xlsx
land_cover,landcover_1985-2023,nanda_landcover_ZCTA20_1985-2023_01_data_dictionary.xlsx,.xlsx,*_data_dictionary.xlsx,publish,Variable,3,Variable | Type | Label,,land_cover\landcover_1985-2023\documentation\nanda_landcover_ZCTA20_1985-2023_01_data_dictionary.xlsx
land_cover,landcover_1985-2023,nanda_landcover_ZCTA20_1985-2023_03_data_dictionary.xlsx,.xlsx,*_data_dictionary.xlsx,publish,Variable,3,Variable | Type | Label,,land_cover\landcover_1985-2023\documentation\nanda_landcover_ZCTA20_1985-2023_03_data_dictionary.xlsx
land_cover,landcover_tract_2001-2016,land_cover_dictionary.xlsx,.xlsx,*_dictionary.xlsx,publish,Variable,8,Variable | Type | Obs | Unique | Mean | Min | Max | Variable Label,,land_cover\landcover_tract_2001-2016\documentation\land_cover_dictionary.xlsx
land_cover,landcover_zcta_2001-2016,landcover_zcta_2001-2016_data_dictionary.xlsx,.xlsx,*_data_dictionary.xlsx,publish,Variable,8,Variable | Type | Obs | Unique | Mean | Min | Max | Variable Label,,land_cover\landcover_zcta_2001-2016\documentation\landcover_zcta_2001-2016_data_dictionary.xlsx
law_enforcement,justice_safety_tract_2006-2015,justice_safety_data_dictionary.xlsx,.xlsx,*_data_dictionary.xlsx,publish,Variable,9,Variable | Variable Type | Obs | Not-Null Count | Mean | Min | Max | Variable Description | Data From,,law_enforcement\justice_safety_tract_2006-2015\documentation\justice_safety_data_dictionary.xlsx
law_enforcement,justice_safety_tract_2006-2015,justice_safety_data_dictionary_02P.xlsx,.xlsx,*_data_dictionary.xlsx,publish,Variable,9,Variable | Variable Type | Obs | Not-Null Count | Mean | Min | Max | Variable Description | Data From,,law_enforcement\justice_safety_tract_2006-2015\documentation\justice_safety_data_dictionary_02P.xlsx
law_enforcement,lawenf_1990-2021,nanda_lawenf_Tract10_1990-2021_01_data_dictionary.xlsx,.xlsx,*_data_dictionary.xlsx,publish,Variable,8,Variable | Type | Obs | Unique | Mean | Min | Max | Label,,law_enforcement\lawenf_1990-2021\documentation\nanda_lawenf_Tract10_1990-2021_01_data_dictionary.xlsx
law_enforcement,lawenf_1990-2021,nanda_lawenf_Tract20_1990-2021_01_data_dictionary.xlsx,.xlsx,*_data_dictionary.xlsx,publish,Variable,8,Variable | Type | Obs | Unique | Mean | Min | Max | Label,,law_enforcement\lawenf_1990-2021\documentation\nanda_lawenf_Tract20_1990-2021_01_data_dictionary.xlsx
law_enforcement,lawenf_1990-2021,nanda_lawenf_ZCTA10_1990-2021_01_data_dictionary.xlsx,.xlsx,*_data_dictionary.xlsx,publish,Variable,8,Variable | Type | Obs | Unique | Mean | Min | Max | Label,,law_enforcement\lawenf_1990-2021\documentation\nanda_lawenf_ZCTA10_1990-2021_01_data_dictionary.xlsx
law_enforcement,lawenf_1990-2021,nanda_lawenf_ZCTA20_1990-2021_01_data_dictionary.xlsx,.xlsx,*_data_dictionary.xlsx,publish,Variable,8,Variable | Type | Obs | Unique | Mean | Min | Max | Label,,law_enforcement\lawenf_1990-2021\documentation\nanda_lawenf_ZCTA20_1990-2021_01_data_dictionary.xlsx
law_enforcement,lawenf_1990-2022,validate_lawenf_Tract10_1990-2022_2026-03-26_data_dictionary.xlsx,.xlsx,*_data_dictionary.xlsx,validate,Variable,3,Variable | Type | Label,,law_enforcement\lawenf_1990-2022\code\validate_lawenf_Tract10_1990-2022_2026-03-26_data_dictionary.xlsx
law_enforcement,lawenf_1990-2022,validate_lawenf_Tract20_1990-2022_2026-03-26_data_dictionary.xlsx,.xlsx,*_data_dictionary.xlsx,validate,Variable,3,Variable | Type | Label,,law_enforcement\lawenf_1990-2022\code\validate_lawenf_Tract20_1990-2022_2026-03-26_data_dictionary.xlsx
law_enforcement,lawenf_1990-2022,validate_lawenf_Zcta10_1990-2022_2026-03-26_data_dictionary.xlsx,.xlsx,*_data_dictionary.xlsx,validate,Variable,3,Variable | Type | Label,,law_enforcement\lawenf_1990-2022\code\validate_lawenf_Zcta10_1990-2022_2026-03-26_data_dictionary.xlsx
law_enforcement,lawenf_1990-2022,validate_lawenf_Zcta20_1990-2022_2026-03-26_data_dictionary.xlsx,.xlsx,*_data_dictionary.xlsx,validate,Variable,3,Variable | Type | Label,,law_enforcement\lawenf_1990-2022\code\validate_lawenf_Zcta20_1990-2022_2026-03-26_data_dictionary.xlsx
law_enforcement,lawenf_1990-2022,nanda_lawenf_Tract10_1990-2022_dictionary.csv,.csv,*_dictionary.csv,publish,variable,8,variable | type | obs | unique | mean | min | max | label,,law_enforcement\lawenf_1990-2022\documentation\nanda_lawenf_Tract10_1990-2022_dictionary.csv
law_enforcement,lawenf_1990-2022,nanda_lawenf_Tract10_1990-2022_dictionary_formatted.xlsx,.xlsx,*_dictionary.xlsx,publish,variable,8,variable | type | obs | unique | mean | min | max | label,,law_enforcement\lawenf_1990-2022\documentation\nanda_lawenf_Tract10_1990-2022_dictionary_formatted.xlsx
law_enforcement,lawenf_1990-2022,nanda_lawenf_Tract20_1990-2022_dictionary.csv,.csv,*_dictionary.csv,publish,variable,8,variable | type | obs | unique | mean | min | max | label,,law_enforcement\lawenf_1990-2022\documentation\nanda_lawenf_Tract20_1990-2022_dictionary.csv
law_enforcement,lawenf_1990-2022,nanda_lawenf_Tract20_1990-2022_dictionary_formatted.xlsx,.xlsx,*_dictionary.xlsx,publish,variable,8,variable | type | obs | unique | mean | min | max | label,,law_enforcement\lawenf_1990-2022\documentation\nanda_lawenf_Tract20_1990-2022_dictionary_formatted.xlsx
law_enforcement,lawenf_1990-2022,nanda_lawenf_Zcta10_1990-2022_dictionary.csv,.csv,*_dictionary.csv,publish,variable,8,variable | type | obs | unique | mean | min | max | label,,law_enforcement\lawenf_1990-2022\documentation\nanda_lawenf_Zcta10_1990-2022_dictionary.csv
law_enforcement,lawenf_1990-2022,nanda_lawenf_Zcta10_1990-2022_dictionary_formatted.xlsx,.xlsx,*_dictionary.xlsx,publish,variable,8,variable | type | obs | unique | mean | min | max | label,,law_enforcement\lawenf_1990-2022\documentation\nanda_lawenf_Zcta10_1990-2022_dictionary_formatted.xlsx
law_enforcement,lawenf_1990-2022,nanda_lawenf_Zcta20_1990-2022_dictionary.csv,.csv,*_dictionary.csv,publish,variable,8,variable | type | obs | unique | mean | min | max | label,,law_enforcement\lawenf_1990-2022\documentation\nanda_lawenf_Zcta20_1990-2022_dictionary.csv
law_enforcement,lawenf_1990-2022,nanda_lawenf_Zcta20_1990-2022_dictionary_formatted.xlsx,.xlsx,*_dictionary.xlsx,publish,variable,8,variable | type | obs | unique | mean | min | max | label,,law_enforcement\lawenf_1990-2022\documentation\nanda_lawenf_Zcta20_1990-2022_dictionary_formatted.xlsx
law_enforcement,lawenf_tract_2003-2017,nanda_lawenf_tract_2003-2017_01_data_dictionary.xlsx,.xlsx,*_data_dictionary.xlsx,publish,Variable,8,Variable | Type | Obs | Unique | Mean | Min | Max | Label,,law_enforcement\lawenf_tract_2003-2017\documentation\nanda_lawenf_tract_2003-2017_01_data_dictionary.xlsx
law_enforcement,lawenf_zcta_2003-2017,nanda_lawenf_zcta_2003-2017_01_data_dictionary.xlsx,.xlsx,*_data_dictionary.xlsx,publish,Variable,8,Variable | Type | Obs | Unique | Mean | Min | Max | Label,,law_enforcement\lawenf_zcta_2003-2017\documentation\nanda_lawenf_zcta_2003-2017_01_data_dictionary.xlsx
libraries,libraries_1992-2020,nanda_libraries_Tract10_1992-2021_01_data_dictionary.xlsx,.xlsx,*_data_dictionary.xlsx,publish,Variable,8,Variable | Type | Obs | Unique | Mean | Min | Max | Label,,libraries\libraries_1992-2020\documentation\nanda_libraries_Tract10_1992-2021_01_data_dictionary.xlsx
libraries,libraries_1992-2020,nanda_libraries_Tract10_1992-2021_02_data_dictionary.xlsx,.xlsx,*_data_dictionary.xlsx,publish,Variable,8,Variable | Type | Obs | Unique | Mean | Min | Max | Label,,libraries\libraries_1992-2020\documentation\nanda_libraries_Tract10_1992-2021_02_data_dictionary.xlsx
libraries,libraries_1992-2020,nanda_libraries_Tract20_1992-2021_01_data_dictionary.xlsx,.xlsx,*_data_dictionary.xlsx,publish,Variable,8,Variable | Type | Obs | Unique | Mean | Min | Max | Label,,libraries\libraries_1992-2020\documentation\nanda_libraries_Tract20_1992-2021_01_data_dictionary.xlsx
libraries,libraries_1992-2020,nanda_libraries_ZCTA10_1992-2021_01_data_dictionary.xlsx,.xlsx,*_data_dictionary.xlsx,publish,Variable,8,Variable | Type | Obs | Unique | Mean | Min | Max | Label,,libraries\libraries_1992-2020\documentation\nanda_libraries_ZCTA10_1992-2021_01_data_dictionary.xlsx
libraries,libraries_1992-2020,nanda_libraries_ZCTA20_1992-2021_01_data_dictionary.xlsx,.xlsx,*_data_dictionary.xlsx,publish,Variable,8,Variable | Type | Obs | Unique | Mean | Min | Max | Label,,libraries\libraries_1992-2020\documentation\nanda_libraries_ZCTA20_1992-2021_01_data_dictionary.xlsx
liquor_tobacco_convenience,lqtbcan_tractZCTA_1990-2022,validate_lqtbcan_Tract10_1990-2022_2026-03-26_data_dictionary.xlsx,.xlsx,*_data_dictionary.xlsx,validate,Variable,3,Variable | Type | Label,,liquor_tobacco_convenience\lqtbcan_tractZCTA_1990-2022\code\validate_lqtbcan_Tract10_1990-2022_2026-03-26_data_dictionary.xlsx
liquor_tobacco_convenience,lqtbcan_tractZCTA_1990-2022,validate_lqtbcan_Tract20_1990-2022_2026-03-26_data_dictionary.xlsx,.xlsx,*_data_dictionary.xlsx,validate,Variable,3,Variable | Type | Label,,liquor_tobacco_convenience\lqtbcan_tractZCTA_1990-2022\code\validate_lqtbcan_Tract20_1990-2022_2026-03-26_data_dictionary.xlsx
liquor_tobacco_convenience,lqtbcan_tractZCTA_1990-2022,validate_lqtbcan_Zcta10_1990-2022_2026-03-26_data_dictionary.xlsx,.xlsx,*_data_dictionary.xlsx,validate,Variable,3,Variable | Type | Label,,liquor_tobacco_convenience\lqtbcan_tractZCTA_1990-2022\code\validate_lqtbcan_Zcta10_1990-2022_2026-03-26_data_dictionary.xlsx
liquor_tobacco_convenience,lqtbcan_tractZCTA_1990-2022,validate_lqtbcan_Zcta20_1990-2022_2026-03-26_data_dictionary.xlsx,.xlsx,*_data_dictionary.xlsx,validate,Variable,3,Variable | Type | Label,,liquor_tobacco_convenience\lqtbcan_tractZCTA_1990-2022\code\validate_lqtbcan_Zcta20_1990-2022_2026-03-26_data_dictionary.xlsx
liquor_tobacco_convenience,lqtbcan_tractZCTA_1990-2022,nanda_lqtbcan_Tract10_1990-2022_dictionary.csv,.csv,*_dictionary.csv,publish,variable,8,variable | type | obs | unique | mean | min | max | label,,liquor_tobacco_convenience\lqtbcan_tractZCTA_1990-2022\documentation\nanda_lqtbcan_Tract10_1990-2022_dictionary.csv
liquor_tobacco_convenience,lqtbcan_tractZCTA_1990-2022,nanda_lqtbcan_Tract10_1990-2022_dictionary_formatted.xlsx,.xlsx,*_dictionary.xlsx,publish,variable,8,variable | type | obs | unique | mean | min | max | label,,liquor_tobacco_convenience\lqtbcan_tractZCTA_1990-2022\documentation\nanda_lqtbcan_Tract10_1990-2022_dictionary_formatted.xlsx
liquor_tobacco_convenience,lqtbcan_tractZCTA_1990-2022,nanda_lqtbcan_Tract20_1990-2022_dictionary.csv,.csv,*_dictionary.csv,publish,variable,8,variable | type | obs | unique | mean | min | max | label,,liquor_tobacco_convenience\lqtbcan_tractZCTA_1990-2022\documentation\nanda_lqtbcan_Tract20_1990-2022_dictionary.csv
liquor_tobacco_convenience,lqtbcan_tractZCTA_1990-2022,nanda_lqtbcan_Tract20_1990-2022_dictionary_formatted.xlsx,.xlsx,*_dictionary.xlsx,publish,variable,8,variable | type | obs | unique | mean | min | max | label,,liquor_tobacco_convenience\lqtbcan_tractZCTA_1990-2022\documentation\nanda_lqtbcan_Tract20_1990-2022_dictionary_formatted.xlsx
liquor_tobacco_convenience,lqtbcan_tractZCTA_1990-2022,nanda_lqtbcan_Zcta10_1990-2022_dictionary.csv,.csv,*_dictionary.csv,publish,variable,8,variable | type | obs | unique | mean | min | max | label,,liquor_tobacco_convenience\lqtbcan_tractZCTA_1990-2022\documentation\nanda_lqtbcan_Zcta10_1990-2022_dictionary.csv
liquor_tobacco_convenience,lqtbcan_tractZCTA_1990-2022,nanda_lqtbcan_Zcta10_1990-2022_dictionary_formatted.xlsx,.xlsx,*_dictionary.xlsx,publish,variable,8,variable | type | obs | unique | mean | min | max | label,,liquor_tobacco_convenience\lqtbcan_tractZCTA_1990-2022\documentation\nanda_lqtbcan_Zcta10_1990-2022_dictionary_formatted.xlsx
liquor_tobacco_convenience,lqtbcan_tractZCTA_1990-2022,nanda_lqtbcan_Zcta20_1990-2022_dictionary.csv,.csv,*_dictionary.csv,publish,variable,8,variable | type | obs | unique | mean | min | max | label,,liquor_tobacco_convenience\lqtbcan_tractZCTA_1990-2022\documentation\nanda_lqtbcan_Zcta20_1990-2022_dictionary.csv
liquor_tobacco_convenience,lqtbcan_tractZCTA_1990-2022,nanda_lqtbcan_Zcta20_1990-2022_dictionary_formatted.xlsx,.xlsx,*_dictionary.xlsx,publish,variable,8,variable | type | obs | unique | mean | min | max | label,,liquor_tobacco_convenience\lqtbcan_tractZCTA_1990-2022\documentation\nanda_lqtbcan_Zcta20_1990-2022_dictionary_formatted.xlsx
liquor_tobacco_convenience,lqtbcon_tractZCTA_1990-2021,nanda_lgbtqcon_Tract10_1990-2021_01_data_dictionary.xlsx,.xlsx,*_data_dictionary.xlsx,publish,Variable,8,Variable | Type | Obs | Unique | Mean | Min | Max | Label,,liquor_tobacco_convenience\lqtbcon_tractZCTA_1990-2021\documentation\nanda_lgbtqcon_Tract10_1990-2021_01_data_dictionary.xlsx
liquor_tobacco_convenience,lqtbcon_tractZCTA_1990-2021,nanda_lgbtqcon_Tract20_1990-2021_01_data_dictionary.xlsx,.xlsx,*_data_dictionary.xlsx,publish,Variable,8,Variable | Type | Obs | Unique | Mean | Min | Max | Label,,liquor_tobacco_convenience\lqtbcon_tractZCTA_1990-2021\documentation\nanda_lgbtqcon_Tract20_1990-2021_01_data_dictionary.xlsx
liquor_tobacco_convenience,lqtbcon_tractZCTA_1990-2021,nanda_lgbtqcon_zcta10_1990-2021_01_data_dictionary.xlsx,.xlsx,*_data_dictionary.xlsx,publish,Variable,8,Variable | Type | Obs | Unique | Mean | Min | Max | Label,,liquor_tobacco_convenience\lqtbcon_tractZCTA_1990-2021\documentation\nanda_lgbtqcon_zcta10_1990-2021_01_data_dictionary.xlsx
liquor_tobacco_convenience,lqtbcon_tractZCTA_1990-2021,nanda_lgbtqcon_zcta20_1990-2021_01_data_dictionary.xlsx,.xlsx,*_data_dictionary.xlsx,publish,Variable,8,Variable | Type | Obs | Unique | Mean | Min | Max | Label,,liquor_tobacco_convenience\lqtbcon_tractZCTA_1990-2021\documentation\nanda_lgbtqcon_zcta20_1990-2021_01_data_dictionary.xlsx
liquor_tobacco_convenience,lqtbcon_tract_2003-2017,nanda_lqtbcon_tract_2003-2017_01_data_dictionary.xlsx,.xlsx,*_data_dictionary.xlsx,publish,Variable,8,Variable | Type | Obs | Unique | Mean | Min | Max | Label,,liquor_tobacco_convenience\lqtbcon_tract_2003-2017\documentation\nanda_lqtbcon_tract_2003-2017_01_data_dictionary.xlsx
liquor_tobacco_convenience,lqtbcon_zcta_2003-2017,nanda_lqtbcon_zcta_2003-2017_01_data_dictionary.xlsx,.xlsx,*_data_dictionary.xlsx,publish,Variable,8,Variable | Type | Obs | Unique | Mean | Min | Max | Label,,liquor_tobacco_convenience\lqtbcon_zcta_2003-2017\documentation\nanda_lqtbcon_zcta_2003-2017_01_data_dictionary.xlsx
NHPD,NHPD_TractZCTA_2017-2024,nanda_nhpd_Tract10_2017-2024_dictionary.csv,.csv,*_dictionary.csv,publish,variable,8,variable | type | obs | unique | mean | min | max | label,,NHPD\NHPD_TractZCTA_2017-2024\documentation\nanda_nhpd_Tract10_2017-2024_dictionary.csv
NHPD,NHPD_TractZCTA_2017-2024,nanda_nhpd_Tract20_2017-2024_dictionary.csv,.csv,*_dictionary.csv,publish,variable,8,variable | type | obs | unique | mean | min | max | label,,NHPD\NHPD_TractZCTA_2017-2024\documentation\nanda_nhpd_Tract20_2017-2024_dictionary.csv
NHPD,NHPD_TractZCTA_2017-2024,nanda_nhpd_Zcta10_2017-2024_dictionary.csv,.csv,*_dictionary.csv,publish,variable,8,variable | type | obs | unique | mean | min | max | label,,NHPD\NHPD_TractZCTA_2017-2024\documentation\nanda_nhpd_Zcta10_2017-2024_dictionary.csv
NHPD,NHPD_TractZCTA_2017-2024,nanda_nhpd_Zcta20_2017-2024_dictionary.csv,.csv,*_dictionary.csv,publish,variable,8,variable | type | obs | unique | mean | min | max | label,,NHPD\NHPD_TractZCTA_2017-2024\documentation\nanda_nhpd_Zcta20_2017-2024_dictionary.csv
opthamologists,documentation,nanda_opthamol_tract10_1990-2021_01_data_dictionary.xlsx,.xlsx,*_data_dictionary.xlsx,publish,Variable,8,Variable | Type | Obs | Unique | Mean | Min | Max | Label,,opthamologists\documentation\nanda_opthamol_tract10_1990-2021_01_data_dictionary.xlsx
opthamologists,documentation,nanda_opthamol_tract20_1990-2021_01_data_dictionary.xlsx,.xlsx,*_data_dictionary.xlsx,publish,Variable,10,Variable | Type | Label | Variable | Obs | Unique | Mean | Min | Max | Label,,opthamologists\documentation\nanda_opthamol_tract20_1990-2021_01_data_dictionary.xlsx
opthamologists,documentation,nanda_opthamol_zcta10_1990-2021_01_data_dictionary.xlsx,.xlsx,*_data_dictionary.xlsx,publish,Variable,8,Variable | Type | Obs | Unique | Mean | Min | Max | Label,,opthamologists\documentation\nanda_opthamol_zcta10_1990-2021_01_data_dictionary.xlsx
opthamologists,documentation,nanda_opthamol_zcta20_1990-2021_01_data_dictionary.xlsx,.xlsx,*_data_dictionary.xlsx,publish,Variable,3,Variable | Type | Label,,opthamologists\documentation\nanda_opthamol_zcta20_1990-2021_01_data_dictionary.xlsx
parks,parks_tract20_2022,nanda_parks_tract20_2022_01_data_dictionary.xlsx,.xlsx,*_data_dictionary.xlsx,publish,Variable,10,Variable | Type | Label |  |  |  |  |  |  | ,,parks\parks_tract20_2022\documentation\nanda_parks_tract20_2022_01_data_dictionary.xlsx
parks,parks_tractzcta_2024,validate_parks_Tract20_2024_2026-02-25_data_dictionary.xlsx,.xlsx,*_data_dictionary.xlsx,validate,Variable,3,Variable | Type | Label,,parks\parks_tractzcta_2024\code\validate_parks_Tract20_2024_2026-02-25_data_dictionary.xlsx
parks,parks_tractzcta_2024,validate_parks_Zcta20_2024_2026-02-25_data_dictionary.xlsx,.xlsx,*_data_dictionary.xlsx,validate,Variable,3,Variable | Type | Label,,parks\parks_tractzcta_2024\code\validate_parks_Zcta20_2024_2026-02-25_data_dictionary.xlsx
parks,parks_tractzcta_2024,nanda_parks_Tract20_2024_dictionary.csv,.csv,*_dictionary.csv,publish,variable,8,variable | type | obs | unique | mean | min | max | label,,parks\parks_tractzcta_2024\documentation\nanda_parks_Tract20_2024_dictionary.csv
parks,parks_tractzcta_2024,nanda_parks_Zcta20_2024_dictionary.csv,.csv,*_dictionary.csv,publish,variable,8,variable | type | obs | unique | mean | min | max | label,,parks\parks_tractzcta_2024\documentation\nanda_parks_Zcta20_2024_dictionary.csv
parks,parks_tract_2018,parks_turnover_data_dictionary3.xlsx,.xlsx,*_data_dictionary.xlsx,publish,Variable,11,Drop | Variable | Type | Obs | Unique | Mean | Min | Max | Label | Revised Label | Additional Information,,parks\parks_tract_2018\documentation\parks_turnover_data_dictionary3.xlsx
parks,parks_zcta20_2022,nanda_parks_zcta20_2022_01_data_dictionary.xlsx,.xlsx,*_data_dictionary.xlsx,publish,Variable,9,Variable | Type | Label |  |  |  |  |  | ,,parks\parks_zcta20_2022\documentation\nanda_parks_zcta20_2022_01_data_dictionary.xlsx
parks,parks_zcta_2018,parks_zcta_2018_01_data_dictionary.xlsx,.xlsx,*_data_dictionary.xlsx,publish,Variable,8,Variable | type | Obs | Unique | Mean | Min | Max | variable label,,parks\parks_zcta_2018\documentation\parks_zcta_2018_01_data_dictionary.xlsx
personal_care_laundromats,pclaund_tractZCTA_1990-2021,nanda_pclaund_Tract10_1990-2021_01_data_dictionary.xlsx,.xlsx,*_data_dictionary.xlsx,publish,Variable,8,Variable | Type | Obs | Unique | Mean | Min | Max | Label,,personal_care_laundromats\pclaund_tractZCTA_1990-2021\documentation\nanda_pclaund_Tract10_1990-2021_01_data_dictionary.xlsx
personal_care_laundromats,pclaund_tractZCTA_1990-2021,nanda_pclaund_Tract20_1990-2021_01_data_dictionary.xlsx,.xlsx,*_data_dictionary.xlsx,publish,Variable,8,Variable | Type | Obs | Unique | Mean | Min | Max | Label,,personal_care_laundromats\pclaund_tractZCTA_1990-2021\documentation\nanda_pclaund_Tract20_1990-2021_01_data_dictionary.xlsx
personal_care_laundromats,pclaund_tractZCTA_1990-2021,nanda_pclaund_ZCTA10_1990-2021_01_data_dictionary.xlsx,.xlsx,*_data_dictionary.xlsx,publish,Variable,8,Variable | Type | Obs | Unique | Mean | Min | Max | Label,,personal_care_laundromats\pclaund_tractZCTA_1990-2021\documentation\nanda_pclaund_ZCTA10_1990-2021_01_data_dictionary.xlsx
personal_care_laundromats,pclaund_tractZCTA_1990-2021,nanda_pclaund_ZCTA20_1990-2021_01_data_dictionary.xlsx,.xlsx,*_data_dictionary.xlsx,publish,Variable,8,Variable | Type | Obs | Unique | Mean | Min | Max | Label,,personal_care_laundromats\pclaund_tractZCTA_1990-2021\documentation\nanda_pclaund_ZCTA20_1990-2021_01_data_dictionary.xlsx
personal_care_laundromats,pclaund_tractZCTA_1990-2022,validate_pclaund_Tract10_1990-2022_2026-03-26_data_dictionary.xlsx,.xlsx,*_data_dictionary.xlsx,validate,Variable,3,Variable | Type | Label,,personal_care_laundromats\pclaund_tractZCTA_1990-2022\code\validate_pclaund_Tract10_1990-2022_2026-03-26_data_dictionary.xlsx
personal_care_laundromats,pclaund_tractZCTA_1990-2022,validate_pclaund_Tract20_1990-2022_2026-03-26_data_dictionary.xlsx,.xlsx,*_data_dictionary.xlsx,validate,Variable,3,Variable | Type | Label,,personal_care_laundromats\pclaund_tractZCTA_1990-2022\code\validate_pclaund_Tract20_1990-2022_2026-03-26_data_dictionary.xlsx
personal_care_laundromats,pclaund_tractZCTA_1990-2022,validate_pclaund_Zcta10_1990-2022_2026-03-26_data_dictionary.xlsx,.xlsx,*_data_dictionary.xlsx,validate,Variable,3,Variable | Type | Label,,personal_care_laundromats\pclaund_tractZCTA_1990-2022\code\validate_pclaund_Zcta10_1990-2022_2026-03-26_data_dictionary.xlsx
personal_care_laundromats,pclaund_tractZCTA_1990-2022,validate_pclaund_Zcta20_1990-2022_2026-03-26_data_dictionary.xlsx,.xlsx,*_data_dictionary.xlsx,validate,Variable,3,Variable | Type | Label,,personal_care_laundromats\pclaund_tractZCTA_1990-2022\code\validate_pclaund_Zcta20_1990-2022_2026-03-26_data_dictionary.xlsx
personal_care_laundromats,pclaund_tractZCTA_1990-2022,nanda_pclaund_Tract10_1990-2022_dictionary.csv,.csv,*_dictionary.csv,publish,variable,8,variable | type | obs | unique | mean | min | max | label,,personal_care_laundromats\pclaund_tractZCTA_1990-2022\documentation\nanda_pclaund_Tract10_1990-2022_dictionary.csv
personal_care_laundromats,pclaund_tractZCTA_1990-2022,nanda_pclaund_Tract10_1990-2022_dictionary_formatted.xlsx,.xlsx,*_dictionary.xlsx,publish,variable,8,variable | type | obs | unique | mean | min | max | label,,personal_care_laundromats\pclaund_tractZCTA_1990-2022\documentation\nanda_pclaund_Tract10_1990-2022_dictionary_formatted.xlsx
personal_care_laundromats,pclaund_tractZCTA_1990-2022,nanda_pclaund_Tract20_1990-2022_dictionary.csv,.csv,*_dictionary.csv,publish,variable,8,variable | type | obs | unique | mean | min | max | label,,personal_care_laundromats\pclaund_tractZCTA_1990-2022\documentation\nanda_pclaund_Tract20_1990-2022_dictionary.csv
personal_care_laundromats,pclaund_tractZCTA_1990-2022,nanda_pclaund_Tract20_1990-2022_dictionary_formatted.xlsx,.xlsx,*_dictionary.xlsx,publish,variable,8,variable | type | obs | unique | mean | min | max | label,,personal_care_laundromats\pclaund_tractZCTA_1990-2022\documentation\nanda_pclaund_Tract20_1990-2022_dictionary_formatted.xlsx
personal_care_laundromats,pclaund_tractZCTA_1990-2022,nanda_pclaund_Zcta10_1990-2022_dictionary.csv,.csv,*_dictionary.csv,publish,variable,8,variable | type | obs | unique | mean | min | max | label,,personal_care_laundromats\pclaund_tractZCTA_1990-2022\documentation\nanda_pclaund_Zcta10_1990-2022_dictionary.csv
personal_care_laundromats,pclaund_tractZCTA_1990-2022,nanda_pclaund_Zcta10_1990-2022_dictionary_formatted.xlsx,.xlsx,*_dictionary.xlsx,publish,variable,8,variable | type | obs | unique | mean | min | max | label,,personal_care_laundromats\pclaund_tractZCTA_1990-2022\documentation\nanda_pclaund_Zcta10_1990-2022_dictionary_formatted.xlsx
personal_care_laundromats,pclaund_tractZCTA_1990-2022,nanda_pclaund_Zcta20_1990-2022_dictionary.csv,.csv,*_dictionary.csv,publish,variable,8,variable | type | obs | unique | mean | min | max | label,,personal_care_laundromats\pclaund_tractZCTA_1990-2022\documentation\nanda_pclaund_Zcta20_1990-2022_dictionary.csv
personal_care_laundromats,pclaund_tractZCTA_1990-2022,nanda_pclaund_Zcta20_1990-2022_dictionary_formatted.xlsx,.xlsx,*_dictionary.xlsx,publish,variable,8,variable | type | obs | unique | mean | min | max | label,,personal_care_laundromats\pclaund_tractZCTA_1990-2022\documentation\nanda_pclaund_Zcta20_1990-2022_dictionary_formatted.xlsx
personal_care_laundromats,pclaund_tract_2003-2017,nanda_pclaund_tract_2003-2017_01_data_dictionary.xlsx,.xlsx,*_data_dictionary.xlsx,publish,Variable,8,Variable | Type | Obs | Unique | Mean | Min | Max | Label,,personal_care_laundromats\pclaund_tract_2003-2017\documentation\nanda_pclaund_tract_2003-2017_01_data_dictionary.xlsx
personal_care_laundromats,pclaund_zcta_2003-2017,nanda_pclaund_zcta_2003-2017_01_data_dictionary.xlsx,.xlsx,*_data_dictionary.xlsx,publish,Variable,8,Variable | Type | Obs | Unique | Mean | Min | Max | Label,,personal_care_laundromats\pclaund_zcta_2003-2017\documentation\nanda_pclaund_zcta_2003-2017_01_data_dictionary.xlsx
personal_care_laundromats,personal_services_tract_2006-2015,dry_cleaning_laundry_data_dictionary.xlsx,.xlsx,*_data_dictionary.xlsx,publish,Variable,9,Variable | Variable Type | Obs | Not-Null Count | Mean | Min | Max | Variable Description | Data From,,personal_care_laundromats\personal_services_tract_2006-2015\documentation\dry_cleaning_laundry_data_dictionary.xlsx
personal_care_laundromats,personal_services_tract_2006-2015,personal_care_data_dictionary.xlsx,.xlsx,*_data_dictionary.xlsx,publish,Variable,9,Variable | Variable Type | Obs | Not-Null Count | Mean | Min | Max | Variable Description | Data From,,personal_care_laundromats\personal_services_tract_2006-2015\documentation\personal_care_data_dictionary.xlsx
pollution,polluting_sites_tract20_1987-2021,nanda_pollution_tract20_1987-2021_01_data_dictionary.xlsx,.xlsx,*_data_dictionary.xlsx,publish,Variable,3,Variable | Type | Label,,pollution\polluting_sites_tract20_1987-2021\documentation\nanda_pollution_tract20_1987-2021_01_data_dictionary.xlsx
pollution,polluting_sites_zcta20_1987-2021,nanda_pollution_ZCTA20_1987-2021__data_dictionary.xlsx,.xlsx,*_data_dictionary.xlsx,publish,Variable,3,Variable | Type | Label,,pollution\polluting_sites_zcta20_1987-2021\documentation\nanda_pollution_ZCTA20_1987-2021__data_dictionary.xlsx
pollution,polluting_sites_zcta_2000-2018,nanda_pollutst_zcta_2000-2018_01_data_dictionary.xlsx,.xlsx,*_data_dictionary.xlsx,publish,Variable,8,Variable | Type | Obs | Unique | Mean | Min | Max | Label,,pollution\polluting_sites_zcta_2000-2018\documentation\nanda_pollutst_zcta_2000-2018_01_data_dictionary.xlsx
post_offices_banks,pobank_1990-2021,nanda_pobanks_ZCTA10_1990-2021_01_data_dictionary.xlsx,.xlsx,*_data_dictionary.xlsx,publish,Variable,8,Variable | Type | Obs | Unique | Mean | Min | Max | Label,,post_offices_banks\pobank_1990-2021\documentation\nanda_pobanks_ZCTA10_1990-2021_01_data_dictionary.xlsx
post_offices_banks,pobank_1990-2021,nanda_pobank_tract10_1990-2021_01_data_dictionary.xlsx,.xlsx,*_data_dictionary.xlsx,publish,Variable,8,Variable | Type | Obs | Unique | Mean | Min | Max | Label,,post_offices_banks\pobank_1990-2021\documentation\nanda_pobank_tract10_1990-2021_01_data_dictionary.xlsx
post_offices_banks,pobank_1990-2021,nanda_pobank_tract20_1990-2021_01_data_dictionary.xlsx,.xlsx,*_data_dictionary.xlsx,publish,Variable,8,Variable | Type | Obs | Unique | Mean | Min | Max | Label,,post_offices_banks\pobank_1990-2021\documentation\nanda_pobank_tract20_1990-2021_01_data_dictionary.xlsx
post_offices_banks,pobank_1990-2021,nanda_pobank_ZCTA20_1990-2021_01_data_dictionary.xlsx,.xlsx,*_data_dictionary.xlsx,publish,Variable,8,Variable | Type | Obs | Unique | Mean | Min | Max | Label,,post_offices_banks\pobank_1990-2021\documentation\nanda_pobank_ZCTA20_1990-2021_01_data_dictionary.xlsx
post_offices_banks,pobank_1990-2022,validate_pobank_Tract10_1990-2022_2026-01-21_data_dictionary.xlsx,.xlsx,*_data_dictionary.xlsx,validate,Variable,3,Variable | Type | Label,,post_offices_banks\pobank_1990-2022\code\validate_pobank_Tract10_1990-2022_2026-01-21_data_dictionary.xlsx
post_offices_banks,pobank_1990-2022,validate_pobank_Tract20_1990-2022_2026-01-21_data_dictionary.xlsx,.xlsx,*_data_dictionary.xlsx,validate,Variable,3,Variable | Type | Label,,post_offices_banks\pobank_1990-2022\code\validate_pobank_Tract20_1990-2022_2026-01-21_data_dictionary.xlsx
post_offices_banks,pobank_1990-2022,validate_pobank_Zcta10_1990-2022_2026-01-21_data_dictionary.xlsx,.xlsx,*_data_dictionary.xlsx,validate,Variable,3,Variable | Type | Label,,post_offices_banks\pobank_1990-2022\code\validate_pobank_Zcta10_1990-2022_2026-01-21_data_dictionary.xlsx
post_offices_banks,pobank_1990-2022,validate_pobank_Zcta20_1990-2022_2026-01-21_data_dictionary.xlsx,.xlsx,*_data_dictionary.xlsx,validate,Variable,3,Variable | Type | Label,,post_offices_banks\pobank_1990-2022\code\validate_pobank_Zcta20_1990-2022_2026-01-21_data_dictionary.xlsx
post_offices_banks,pobank_1990-2022,nanda_pobank_Tract10_1990-2022_dictionary.csv,.csv,*_dictionary.csv,publish,variable,8,variable | type | obs | unique | mean | min | max | label,,post_offices_banks\pobank_1990-2022\documentation\nanda_pobank_Tract10_1990-2022_dictionary.csv
post_offices_banks,pobank_1990-2022,nanda_pobank_Tract20_1990-2022_dictionary.csv,.csv,*_dictionary.csv,publish,variable,8,variable | type | obs | unique | mean | min | max | label,,post_offices_banks\pobank_1990-2022\documentation\nanda_pobank_Tract20_1990-2022_dictionary.csv
post_offices_banks,pobank_1990-2022,nanda_pobank_Zcta10_1990-2022_dictionary.csv,.csv,*_dictionary.csv,publish,variable,8,variable | type | obs | unique | mean | min | max | label,,post_offices_banks\pobank_1990-2022\documentation\nanda_pobank_Zcta10_1990-2022_dictionary.csv
post_offices_banks,pobank_1990-2022,nanda_pobank_Zcta20_1990-2022_dictionary.csv,.csv,*_dictionary.csv,publish,variable,8,variable | type | obs | unique | mean | min | max | label,,post_offices_banks\pobank_1990-2022\documentation\nanda_pobank_Zcta20_1990-2022_dictionary.csv
post_offices_banks,pobank_tract_2003-2017,nanda_pobank_tract_2003-2017_01_data_dictionary.xlsx,.xlsx,*_data_dictionary.xlsx,publish,Variable,8,Variable | Type | Obs | Unique | Mean | Min | Max | Label,,post_offices_banks\pobank_tract_2003-2017\documentation\nanda_pobank_tract_2003-2017_01_data_dictionary.xlsx
post_offices_banks,pobank_tract_2003-2017,nanda_pobank_tract_2003-2017_02_data_dictionary.xlsx,.xlsx,*_data_dictionary.xlsx,publish,Variable,8,Variable | Type | Obs | Unique | Mean | Min | Max | Variable label,,post_offices_banks\pobank_tract_2003-2017\documentation\nanda_pobank_tract_2003-2017_02_data_dictionary.xlsx
post_offices_banks,pobank_zcta_2003-2017,nanda_pobank_zcta_2003-2017_01_data_dictionary.xlsx,.xlsx,*_data_dictionary.xlsx,publish,Variable,8,Variable | Type | Obs | Unique | Mean | Min | Max | Label,,post_offices_banks\pobank_zcta_2003-2017\documentation\nanda_pobank_zcta_2003-2017_01_data_dictionary.xlsx
PRISM,documentation,nanda_PRISM_all_pctpctl_Tract00_2000-2009_02P_data_dictionary.csv,.csv,*_data_dictionary.csv,publish,Variable,8,Variable | Type | Obs. | Unique | Mean | Min | Max | Label,,PRISM\documentation\nanda_PRISM_all_pctpctl_Tract00_2000-2009_02P_data_dictionary.csv
PRISM,documentation,nanda_PRISM_all_pctpctl_Tract10_2010-2019_02P_data_dictionary.csv,.csv,*_data_dictionary.csv,publish,Variable,8,Variable | Type | Obs. | Unique | Mean | Min | Max | Label,,PRISM\documentation\nanda_PRISM_all_pctpctl_Tract10_2010-2019_02P_data_dictionary.csv
PRISM,documentation,nanda_PRISM_all_pctpctl_Tract20_2020-2024_02P_data_dictionary.csv,.csv,*_data_dictionary.csv,publish,Variable,8,Variable | Type | Obs. | Unique | Mean | Min | Max | Label,,PRISM\documentation\nanda_PRISM_all_pctpctl_Tract20_2020-2024_02P_data_dictionary.csv
PRISM,documentation,nanda_PRISM_all_pctpctl_Tract90_1991-1999_02P_data_dictionary.csv,.csv,*_data_dictionary.csv,publish,Variable,8,Variable | Type | Obs. | Unique | Mean | Min | Max | Label,,PRISM\documentation\nanda_PRISM_all_pctpctl_Tract90_1991-1999_02P_data_dictionary.csv
PRISM,documentation,nanda_PRISM_all_pctpctl_Combined_2023-2024_02P_TEST_data_dictionary.csv,.csv,*_data_dictionary.csv,other,variable,8,variable | type | obs | unique | mean | min | max | label,,PRISM\documentation\test\nanda_PRISM_all_pctpctl_Combined_2023-2024_02P_TEST_data_dictionary.csv
PRISM,documentation,nanda_PRISM_all_pctpctl_Tract20_2023-2024_02P_TEST_data_dictionary.csv,.csv,*_data_dictionary.csv,other,variable,8,variable | type | obs | unique | mean | min | max | label,,PRISM\documentation\test\nanda_PRISM_all_pctpctl_Tract20_2023-2024_02P_TEST_data_dictionary.csv
PRISM,PRISM_v01,nanda_PRISM_daily_Tract_1981_01P_data_dictionary.xlsx,.xlsx,*_data_dictionary.xlsx,publish,Variable,8,Variable | Type | Obs | Unique | Mean | Min | Max | Label,,PRISM\PRISM_v01\daily\documentation\nanda_PRISM_daily_Tract_1981_01P_data_dictionary.xlsx
PRISM,PRISM_v01,nanda_PRISM_daily_Tract_2000_01P_data_dictionary.xlsx,.xlsx,*_data_dictionary.xlsx,publish,Variable,8,Variable | Type | Obs | Unique | Mean | Min | Max | Label,,PRISM\PRISM_v01\daily\documentation\nanda_PRISM_daily_Tract_2000_01P_data_dictionary.xlsx
PRISM,PRISM_v01,nanda_PRISM_daily_Tract_2010_01P_data_dictionary.xlsx,.xlsx,*_data_dictionary.xlsx,publish,Variable,8,Variable | Type | Obs | Unique | Mean | Min | Max | Label,,PRISM\PRISM_v01\daily\documentation\nanda_PRISM_daily_Tract_2010_01P_data_dictionary.xlsx
PRISM,PRISM_v01,nanda_PRISM_daily_Tract_2020_01P_data_dictionary.xlsx,.xlsx,*_data_dictionary.xlsx,publish,Variable,8,Variable | Type | Obs | Unique | Mean | Min | Max | Label,,PRISM\PRISM_v01\daily\documentation\nanda_PRISM_daily_Tract_2020_01P_data_dictionary.xlsx
PRISM,PRISM_v01,nanda_PRISM_Tract_1981_01_data_dictionary.xlsx,.xlsx,*_data_dictionary.xlsx,publish,Variable,3,Variable | Type | Label,,PRISM\PRISM_v01\daily\documentation\nanda_PRISM_Tract_1981_01_data_dictionary.xlsx
PRISM,PRISM_v01,nanda_PRISM_Tract_2000_01_data_dictionary.xlsx,.xlsx,*_data_dictionary.xlsx,publish,Variable,3,Variable | Type | Label,,PRISM\PRISM_v01\daily\documentation\nanda_PRISM_Tract_2000_01_data_dictionary.xlsx
PRISM,PRISM_v01,nanda_PRISM_Tract_2010_01_data_dictionary.xlsx,.xlsx,*_data_dictionary.xlsx,publish,Variable,3,Variable | Type | Label,,PRISM\PRISM_v01\daily\documentation\nanda_PRISM_Tract_2010_01_data_dictionary.xlsx
PRISM,PRISM_v01,nanda_PRISM_Tract_2020_01_data_dictionary.xlsx,.xlsx,*_data_dictionary.xlsx,publish,Variable,3,Variable | Type | Label,,PRISM\PRISM_v01\daily\documentation\nanda_PRISM_Tract_2020_01_data_dictionary.xlsx
PRISM,PRISM_v01,nanda_PRISM_ppt_pctpctl_Tract00_2000-2009_02_data_dictionary.xlsx,.xlsx,*_data_dictionary.xlsx,publish,Variable,8,Variable | Type | Obs | Unique | Mean | Min | Max | Label,,PRISM\PRISM_v01\PercentPercentile\ppt\documentation\nanda_PRISM_ppt_pctpctl_Tract00_2000-2009_02_data_dictionary.xlsx
PRISM,PRISM_v01,nanda_PRISM_ppt_pctpctl_Tract10_2010-2019_02_data_dictionary.xlsx,.xlsx,*_data_dictionary.xlsx,publish,Variable,11,Variable | Type | Obs | Unique | Mean | Min | Max | Label |  |  | ,,PRISM\PRISM_v01\PercentPercentile\ppt\documentation\nanda_PRISM_ppt_pctpctl_Tract10_2010-2019_02_data_dictionary.xlsx
PRISM,PRISM_v01,nanda_PRISM_ppt_pctpctl_Tract20_2020-2024_02_data_dictionary.xlsx,.xlsx,*_data_dictionary.xlsx,publish,Variable,8,Variable | Type | Obs | Unique | Mean | Min | Max | Label,,PRISM\PRISM_v01\PercentPercentile\ppt\documentation\nanda_PRISM_ppt_pctpctl_Tract20_2020-2024_02_data_dictionary.xlsx
PRISM,PRISM_v01,nanda_PRISM_ppt_pctpctl_Tract90_1991-1999_02_data_dictionary.xlsx,.xlsx,*_data_dictionary.xlsx,publish,Variable,8,Variable | Type | Obs | Unique | Mean | Min | Max | Label,,PRISM\PRISM_v01\PercentPercentile\ppt\documentation\nanda_PRISM_ppt_pctpctl_Tract90_1991-1999_02_data_dictionary.xlsx
PRISM,PRISM_v01,codenanda_PRISM_tmax_fips00_2000-2009_01_dictionary.xlsx,.xlsx,*_dictionary.xlsx,publish,Variable,8,Variable | Type | Obs | Unique | Mean | Min | Max | Label,,PRISM\PRISM_v01\PercentPercentile\tmax\documentation\codenanda_PRISM_tmax_fips00_2000-2009_01_dictionary.xlsx
PRISM,PRISM_v01,codenanda_PRISM_tmax_fips10_2010-2019_01_dictionary.xlsx,.xlsx,*_dictionary.xlsx,publish,Variable,8,Variable | Type | Obs | Unique | Mean | Min | Max | Label,,PRISM\PRISM_v01\PercentPercentile\tmax\documentation\codenanda_PRISM_tmax_fips10_2010-2019_01_dictionary.xlsx
PRISM,PRISM_v01,codenanda_PRISM_tmax_fips20_2020-2024_01_dictionary.xlsx,.xlsx,*_dictionary.xlsx,publish,Variable,8,Variable | Type | Obs | Unique | Mean | Min | Max | Label,,PRISM\PRISM_v01\PercentPercentile\tmax\documentation\codenanda_PRISM_tmax_fips20_2020-2024_01_dictionary.xlsx
PRISM,PRISM_v01,codenanda_PRISM_tmax_fips90_1991-2000_01_dictionary.xlsx,.xlsx,*_dictionary.xlsx,publish,Variable,8,Variable | Type | Obs | Unique | Mean | Min | Max | Label,,PRISM\PRISM_v01\PercentPercentile\tmax\documentation\codenanda_PRISM_tmax_fips90_1991-2000_01_dictionary.xlsx
PRISM,PRISM_v01,nanda_PRISM_tmin_fips00_2000-2009__dictionary.xlsx,.xlsx,*_dictionary.xlsx,publish,Variable,8,Variable | Type | Obs | Unique | Mean | Min | Max | Label,,PRISM\PRISM_v01\PercentPercentile\tmin\documentation\nanda_PRISM_tmin_fips00_2000-2009__dictionary.xlsx
PRISM,PRISM_v01,nanda_PRISM_tmin_fips10_2010-2019__dictionary.xlsx,.xlsx,*_dictionary.xlsx,publish,Variable,8,Variable | Type | Obs | Unique | Mean | Min | Max | Label,,PRISM\PRISM_v01\PercentPercentile\tmin\documentation\nanda_PRISM_tmin_fips10_2010-2019__dictionary.xlsx
PRISM,PRISM_v01,nanda_PRISM_tmin_fips20_2020-2024__dictionary.xlsx,.xlsx,*_dictionary.xlsx,publish,Variable,9,Variable | Type | Obs | Unique | Mean | Min | Max | Label | ,,PRISM\PRISM_v01\PercentPercentile\tmin\documentation\nanda_PRISM_tmin_fips20_2020-2024__dictionary.xlsx
PRISM,PRISM_v01,nanda_PRISM_tmin_fips90_1991-2000__dictionary.xlsx,.xlsx,*_dictionary.xlsx,publish,Variable,8,Variable | Type | Obs | Unique | Mean | Min | Max | Label,,PRISM\PRISM_v01\PercentPercentile\tmin\documentation\nanda_PRISM_tmin_fips90_1991-2000__dictionary.xlsx
public_transit,transit_tract2024,nanda_transit_Tract20_2020_02_data_dictionary.xlsx,.xlsx,*_data_dictionary.xlsx,publish,Variable,3,Variable | Type | Label,,public_transit\transit_tract2024\documentation\nanda_transit_Tract20_2020_02_data_dictionary.xlsx
public_transit,transit_tract_2016-2018,nanda_transit2018_05_data_dictionary.xlsx,.xlsx,*_data_dictionary.xlsx,publish,Variable Name,10,Variable Name | Type | Format | Observations | Unique | Mean | Minimum | Maximum | Variable Label | Additional Information,,public_transit\transit_tract_2016-2018\documentation\nanda_transit2018_05_data_dictionary.xlsx
public_transit,transit_zcta2024,nanda_transit_ZCTA20_2020_01_data_dictionary.xlsx,.xlsx,*_data_dictionary.xlsx,publish,Variable,3,Variable | Type | Label,,public_transit\transit_zcta2024\documentation\nanda_transit_ZCTA20_2020_01_data_dictionary.xlsx
public_transit,transit_zcta_2016-2018,transit_zcta_2016-2018_01_data_dictionary.xlsx,.xlsx,*_data_dictionary.xlsx,publish,Variable,8,Variable | Type | Obs | Unique | Mean | Min | Max | Label,,public_transit\transit_zcta_2016-2018\documentation\transit_zcta_2016-2018_01_data_dictionary.xlsx
public_transit,transit_zcta_2016-2018,transit_zcta_2016-2018_02_data_dictionary.xlsx,.xlsx,*_data_dictionary.xlsx,publish,Variable,8,Variable | Type | Obs | Unique | Mean | Min | Max | Label,,public_transit\transit_zcta_2016-2018\documentation\transit_zcta_2016-2018_02_data_dictionary.xlsx
recreation,recreation_1990-2021,nanda_recreation_Tract10_1990-2021_01_data_dictionary.xlsx,.xlsx,*_data_dictionary.xlsx,publish,Variable,8,Variable | Type | Obs | Unique | Mean | Min | Max | Label,,recreation\recreation_1990-2021\documentation\nanda_recreation_Tract10_1990-2021_01_data_dictionary.xlsx
recreation,recreation_1990-2021,nanda_recreation_Tract20_1990-2021_01_data_dictionary.xlsx,.xlsx,*_data_dictionary.xlsx,publish,Variable,8,Variable | Type | Obs | Unique | Mean | Min | Max | Label,,recreation\recreation_1990-2021\documentation\nanda_recreation_Tract20_1990-2021_01_data_dictionary.xlsx
recreation,recreation_1990-2021,nanda_recreation_ZCTA10_1990-2021_01_data_dictionary.xlsx,.xlsx,*_data_dictionary.xlsx,publish,Variable,8,Variable | Type | Obs | Unique | Mean | Min | Max | Label,,recreation\recreation_1990-2021\documentation\nanda_recreation_ZCTA10_1990-2021_01_data_dictionary.xlsx
recreation,recreation_1990-2021,nanda_recreation_ZCTA20_1990-2021_01_data_dictionary.xlsx,.xlsx,*_data_dictionary.xlsx,publish,Variable,22,Variable | Type | Obs | Unique | Mean | Min | Max | Label |  |  |  |  |  |  |  |  |  | Obs | Unique | Mean | Min | Max,,recreation\recreation_1990-2021\documentation\nanda_recreation_ZCTA20_1990-2021_01_data_dictionary.xlsx
recreation,recreation_1990-2022,validate_recreation_Tract10_1990-2022_2026-03-26_data_dictionary.xlsx,.xlsx,*_data_dictionary.xlsx,validate,Variable,3,Variable | Type | Label,,recreation\recreation_1990-2022\code\validate_recreation_Tract10_1990-2022_2026-03-26_data_dictionary.xlsx
recreation,recreation_1990-2022,validate_recreation_Tract20_1990-2022_2026-03-26_data_dictionary.xlsx,.xlsx,*_data_dictionary.xlsx,validate,Variable,3,Variable | Type | Label,,recreation\recreation_1990-2022\code\validate_recreation_Tract20_1990-2022_2026-03-26_data_dictionary.xlsx
recreation,recreation_1990-2022,validate_recreation_Zcta10_1990-2022_2026-03-26_data_dictionary.xlsx,.xlsx,*_data_dictionary.xlsx,validate,Variable,3,Variable | Type | Label,,recreation\recreation_1990-2022\code\validate_recreation_Zcta10_1990-2022_2026-03-26_data_dictionary.xlsx
recreation,recreation_1990-2022,validate_recreation_Zcta20_1990-2022_2026-03-26_data_dictionary.xlsx,.xlsx,*_data_dictionary.xlsx,validate,Variable,3,Variable | Type | Label,,recreation\recreation_1990-2022\code\validate_recreation_Zcta20_1990-2022_2026-03-26_data_dictionary.xlsx
recreation,recreation_1990-2022,nanda_recreation_Tract10_1990-2022_dictionary.csv,.csv,*_dictionary.csv,publish,variable,8,variable | type | obs | unique | mean | min | max | label,,recreation\recreation_1990-2022\documentation\nanda_recreation_Tract10_1990-2022_dictionary.csv
recreation,recreation_1990-2022,nanda_recreation_Tract10_1990-2022_dictionary_formatted.xlsx,.xlsx,*_dictionary.xlsx,publish,variable,8,variable | type | obs | unique | mean | min | max | label,,recreation\recreation_1990-2022\documentation\nanda_recreation_Tract10_1990-2022_dictionary_formatted.xlsx
recreation,recreation_1990-2022,nanda_recreation_Tract20_1990-2022_dictionary.csv,.csv,*_dictionary.csv,publish,variable,8,variable | type | obs | unique | mean | min | max | label,,recreation\recreation_1990-2022\documentation\nanda_recreation_Tract20_1990-2022_dictionary.csv
recreation,recreation_1990-2022,nanda_recreation_Tract20_1990-2022_dictionary_formatted.xlsx,.xlsx,*_dictionary.xlsx,publish,variable,8,variable | type | obs | unique | mean | min | max | label,,recreation\recreation_1990-2022\documentation\nanda_recreation_Tract20_1990-2022_dictionary_formatted.xlsx
recreation,recreation_1990-2022,nanda_recreation_Zcta10_1990-2022_dictionary.csv,.csv,*_dictionary.csv,publish,variable,8,variable | type | obs | unique | mean | min | max | label,,recreation\recreation_1990-2022\documentation\nanda_recreation_Zcta10_1990-2022_dictionary.csv
recreation,recreation_1990-2022,nanda_recreation_Zcta10_1990-2022_dictionary_formatted.xlsx,.xlsx,*_dictionary.xlsx,publish,variable,8,variable | type | obs | unique | mean | min | max | label,,recreation\recreation_1990-2022\documentation\nanda_recreation_Zcta10_1990-2022_dictionary_formatted.xlsx
recreation,recreation_1990-2022,nanda_recreation_Zcta20_1990-2022_dictionary.csv,.csv,*_dictionary.csv,publish,variable,8,variable | type | obs | unique | mean | min | max | label,,recreation\recreation_1990-2022\documentation\nanda_recreation_Zcta20_1990-2022_dictionary.csv
recreation,recreation_1990-2022,nanda_recreation_Zcta20_1990-2022_dictionary_formatted.xlsx,.xlsx,*_dictionary.xlsx,publish,variable,8,variable | type | obs | unique | mean | min | max | label,,recreation\recreation_1990-2022\documentation\nanda_recreation_Zcta20_1990-2022_dictionary_formatted.xlsx
religious_civic_social_orgs,relcivsoc_1990-2021,nanda_relcivsoc_tract10_1990-2020_01_data_dictionary.xlsx,.xlsx,*_data_dictionary.xlsx,other,Variable,3,Variable | Type | Label,,religious_civic_social_orgs\relcivsoc_1990-2021\documentation\doc_relcivsoc_1990-2021_T10\nanda_relcivsoc_tract10_1990-2020_01_data_dictionary.xlsx
religious_civic_social_orgs,relcivsoc_1990-2021,nanda_relcivsoc_tract10_1990-2020_02_data_dictionary.xlsx,.xlsx,*_data_dictionary.xlsx,other,Variable,3,Variable | Type | Label,,religious_civic_social_orgs\relcivsoc_1990-2021\documentation\doc_relcivsoc_1990-2021_T10\nanda_relcivsoc_tract10_1990-2020_02_data_dictionary.xlsx
religious_civic_social_orgs,relcivsoc_1990-2021,nanda_relcivsoc_tract10_1990-2021_03_data_dictionary.xlsx,.xlsx,*_data_dictionary.xlsx,other,Variable,8,Variable | Type | Observations | Unique | Mean | Min | Max | Label,,religious_civic_social_orgs\relcivsoc_1990-2021\documentation\doc_relcivsoc_1990-2021_T10\nanda_relcivsoc_tract10_1990-2021_03_data_dictionary.xlsx
religious_civic_social_orgs,relcivsoc_1990-2021,nanda_relcivsoc_tract10_1990-2021_04_data_dictionary.xlsx,.xlsx,*_data_dictionary.xlsx,other,Variable,8,Variable | Type | Obs | Unique | Mean | Min | Max | Label,,religious_civic_social_orgs\relcivsoc_1990-2021\documentation\doc_relcivsoc_1990-2021_T10\nanda_relcivsoc_tract10_1990-2021_04_data_dictionary.xlsx
religious_civic_social_orgs,relcivsoc_1990-2021,nanda_relcivsoc_tract10_1990-2021_05_data_dictionary.xlsx,.xlsx,*_data_dictionary.xlsx,other,Variable,8,Variable | Type | Observations | Unique | Mean | Min | Max | Label,,religious_civic_social_orgs\relcivsoc_1990-2021\documentation\doc_relcivsoc_1990-2021_T10\nanda_relcivsoc_tract10_1990-2021_05_data_dictionary.xlsx
religious_civic_social_orgs,relcivsoc_1990-2021,nanda_relcivsoc_tract20_1990-2021_01_data_dictionary.xlsx,.xlsx,*_data_dictionary.xlsx,other,Variable,3,Variable | Type | Label,,religious_civic_social_orgs\relcivsoc_1990-2021\documentation\doc_relcivsoc_1990-2021_T20\nanda_relcivsoc_tract20_1990-2021_01_data_dictionary.xlsx
religious_civic_social_orgs,relcivsoc_1990-2021,nanda_relcivsoc_tract20_1990-2021_03_data_dictionary.xlsx,.xlsx,*_data_dictionary.xlsx,other,Variable,8,Variable | Type | Observations | Unique | Mean | Min | Max | Label,,religious_civic_social_orgs\relcivsoc_1990-2021\documentation\doc_relcivsoc_1990-2021_T20\nanda_relcivsoc_tract20_1990-2021_03_data_dictionary.xlsx
religious_civic_social_orgs,relcivsoc_1990-2021,nanda_relcivsoc_ZCTA10_1990-2021_01_data_dictionary.xlsx,.xlsx,*_data_dictionary.xlsx,other,Variable,8,Variable | Type | Observations | Unique | Mean | Min | Max | Label,,religious_civic_social_orgs\relcivsoc_1990-2021\documentation\doc_relcivsoc_1990-2021_Z10\nanda_relcivsoc_ZCTA10_1990-2021_01_data_dictionary.xlsx
religious_civic_social_orgs,relcivsoc_1990-2021,nanda_relcivsoc_ZCTA20_1990-2021_01_data_dictionary.xlsx,.xlsx,*_data_dictionary.xlsx,other,Variable,8,Variable | Type | Observations | Unique | Mean | Min | Max | Label,,religious_civic_social_orgs\relcivsoc_1990-2021\documentation\doc_relcivsoc_1990-2021_Z20\nanda_relcivsoc_ZCTA20_1990-2021_01_data_dictionary.xlsx
religious_civic_social_orgs,relcivsoc_1990-2022,validate_relcivsoc_Tract10_1990-2022_2026-03-26_data_dictionary.xlsx,.xlsx,*_data_dictionary.xlsx,validate,Variable,3,Variable | Type | Label,,religious_civic_social_orgs\relcivsoc_1990-2022\code\validate_relcivsoc_Tract10_1990-2022_2026-03-26_data_dictionary.xlsx
religious_civic_social_orgs,relcivsoc_1990-2022,validate_relcivsoc_Tract20_1990-2022_2026-03-26_data_dictionary.xlsx,.xlsx,*_data_dictionary.xlsx,validate,Variable,3,Variable | Type | Label,,religious_civic_social_orgs\relcivsoc_1990-2022\code\validate_relcivsoc_Tract20_1990-2022_2026-03-26_data_dictionary.xlsx
religious_civic_social_orgs,relcivsoc_1990-2022,validate_relcivsoc_Zcta10_1990-2022_2026-03-26_data_dictionary.xlsx,.xlsx,*_data_dictionary.xlsx,validate,Variable,3,Variable | Type | Label,,religious_civic_social_orgs\relcivsoc_1990-2022\code\validate_relcivsoc_Zcta10_1990-2022_2026-03-26_data_dictionary.xlsx
religious_civic_social_orgs,relcivsoc_1990-2022,validate_relcivsoc_Zcta20_1990-2022_2026-03-26_data_dictionary.xlsx,.xlsx,*_data_dictionary.xlsx,validate,Variable,3,Variable | Type | Label,,religious_civic_social_orgs\relcivsoc_1990-2022\code\validate_relcivsoc_Zcta20_1990-2022_2026-03-26_data_dictionary.xlsx
religious_civic_social_orgs,relcivsoc_1990-2022,nanda_relcivsoc_Tract10_1990-2022_dictionary.csv,.csv,*_dictionary.csv,publish,variable,8,variable | type | obs | unique | mean | min | max | label,,religious_civic_social_orgs\relcivsoc_1990-2022\documentation\nanda_relcivsoc_Tract10_1990-2022_dictionary.csv
religious_civic_social_orgs,relcivsoc_1990-2022,nanda_relcivsoc_Tract10_1990-2022_dictionary_formatted.xlsx,.xlsx,*_dictionary.xlsx,publish,variable,8,variable | type | obs | unique | mean | min | max | label,,religious_civic_social_orgs\relcivsoc_1990-2022\documentation\nanda_relcivsoc_Tract10_1990-2022_dictionary_formatted.xlsx
religious_civic_social_orgs,relcivsoc_1990-2022,nanda_relcivsoc_Tract20_1990-2022_dictionary.csv,.csv,*_dictionary.csv,publish,variable,8,variable | type | obs | unique | mean | min | max | label,,religious_civic_social_orgs\relcivsoc_1990-2022\documentation\nanda_relcivsoc_Tract20_1990-2022_dictionary.csv
religious_civic_social_orgs,relcivsoc_1990-2022,nanda_relcivsoc_Tract20_1990-2022_dictionary_formatted.xlsx,.xlsx,*_dictionary.xlsx,publish,variable,8,variable | type | obs | unique | mean | min | max | label,,religious_civic_social_orgs\relcivsoc_1990-2022\documentation\nanda_relcivsoc_Tract20_1990-2022_dictionary_formatted.xlsx
religious_civic_social_orgs,relcivsoc_1990-2022,nanda_relcivsoc_Zcta10_1990-2022_dictionary.csv,.csv,*_dictionary.csv,publish,variable,8,variable | type | obs | unique | mean | min | max | label,,religious_civic_social_orgs\relcivsoc_1990-2022\documentation\nanda_relcivsoc_Zcta10_1990-2022_dictionary.csv
religious_civic_social_orgs,relcivsoc_1990-2022,nanda_relcivsoc_Zcta10_1990-2022_dictionary_formatted.xlsx,.xlsx,*_dictionary.xlsx,publish,variable,8,variable | type | obs | unique | mean | min | max | label,,religious_civic_social_orgs\relcivsoc_1990-2022\documentation\nanda_relcivsoc_Zcta10_1990-2022_dictionary_formatted.xlsx
religious_civic_social_orgs,relcivsoc_1990-2022,nanda_relcivsoc_Zcta20_1990-2022_dictionary.csv,.csv,*_dictionary.csv,publish,variable,8,variable | type | obs | unique | mean | min | max | label,,religious_civic_social_orgs\relcivsoc_1990-2022\documentation\nanda_relcivsoc_Zcta20_1990-2022_dictionary.csv
religious_civic_social_orgs,relcivsoc_1990-2022,nanda_relcivsoc_Zcta20_1990-2022_dictionary_formatted.xlsx,.xlsx,*_dictionary.xlsx,publish,variable,8,variable | type | obs | unique | mean | min | max | label,,religious_civic_social_orgs\relcivsoc_1990-2022\documentation\nanda_relcivsoc_Zcta20_1990-2022_dictionary_formatted.xlsx
religious_civic_social_orgs,relcivsoc_tract_2003-2017,nanda_relcivsoc_tract_2003-2017_01_data_dictionary.xlsx,.xlsx,*_data_dictionary.xlsx,publish,Variable,7,Variable | Type | Unique | Mean | Min | Max | Label,,religious_civic_social_orgs\relcivsoc_tract_2003-2017\documentation\nanda_relcivsoc_tract_2003-2017_01_data_dictionary.xlsx
religious_civic_social_orgs,relcivsoc_tract_2006-2015,civic_social_orgs_data_dictionary.xlsx,.xlsx,*_data_dictionary.xlsx,publish,Variable,9,Variable | Variable Type | Obs | Not-Null Count | Mean | Min | Max | Variable Description | Data From,,religious_civic_social_orgs\relcivsoc_tract_2006-2015\documentation\civic_social_orgs_data_dictionary.xlsx
religious_civic_social_orgs,relcivsoc_tract_2006-2015,religion_data_dictionary.xlsx,.xlsx,*_data_dictionary.xlsx,publish,Variable,9,Variable | Variable Type | Obs | Not-Null Count | Mean | Min | Max | Variable Description | Data From,,religious_civic_social_orgs\relcivsoc_tract_2006-2015\documentation\religion_data_dictionary.xlsx
religious_civic_social_orgs,relcivsoc_zcta10_1990-2021,nanda_relicivicsoc_ZCTA10_1990-2020_01_data_dictionary.xlsx,.xlsx,*_data_dictionary.xlsx,publish,Variable,3,Variable | Type | Label,,religious_civic_social_orgs\relcivsoc_zcta10_1990-2021\documentation\nanda_relicivicsoc_ZCTA10_1990-2020_01_data_dictionary.xlsx
religious_civic_social_orgs,relcivsoc_zcta10_1990-2021,nanda_relicivicsoc_ZCTA10_1990-2020_02_data_dictionary.xlsx,.xlsx,*_data_dictionary.xlsx,publish,Variable,3,Variable | Type | Label,,religious_civic_social_orgs\relcivsoc_zcta10_1990-2021\documentation\nanda_relicivicsoc_ZCTA10_1990-2020_02_data_dictionary.xlsx
religious_civic_social_orgs,relcivsoc_zcta_2003-2017,nanda_relcivsoc_zcta_2003-2017_01_data_dictionary.xlsx,.xlsx,*_data_dictionary.xlsx,publish,Variable,8,Variable | Type | Obs | Unique | Mean | Min | Max | Label,,religious_civic_social_orgs\relcivsoc_zcta_2003-2017\documentation\nanda_relcivsoc_zcta_2003-2017_01_data_dictionary.xlsx
retail_establishments,retail_1990-2021,nanda_retail_Tract10_1990-2021_01_data_dictionary.xlsx,.xlsx,*_data_dictionary.xlsx,publish,Variable,9,Variable | Type | Obs | Unique | Mean | Min | Max | Type | Label,,retail_establishments\retail_1990-2021\documentation\nanda_retail_Tract10_1990-2021_01_data_dictionary.xlsx
retail_establishments,retail_1990-2021,nanda_retail_Tract20_1990-2021_01_data_dictionary.xlsx,.xlsx,*_data_dictionary.xlsx,publish,Variable,8,Variable | Type | Obs | Unique | Mean | Min | Max | Label,,retail_establishments\retail_1990-2021\documentation\nanda_retail_Tract20_1990-2021_01_data_dictionary.xlsx
retail_establishments,retail_1990-2021,nanda_retail_ZCTA10_1990-2021_01_data_dictionary.xlsx,.xlsx,*_data_dictionary.xlsx,publish,Variable,8,Variable | Type | Obs | Unique | Mean | Min | Max | Label,,retail_establishments\retail_1990-2021\documentation\nanda_retail_ZCTA10_1990-2021_01_data_dictionary.xlsx
retail_establishments,retail_1990-2021,nanda_retail_ZCTA20_1990-2021_01_data_dictionary.xlsx,.xlsx,*_data_dictionary.xlsx,publish,Variable,8,Variable | Type | Obs | Unique | Mean | Min | Max | Label,,retail_establishments\retail_1990-2021\documentation\nanda_retail_ZCTA20_1990-2021_01_data_dictionary.xlsx
retail_establishments,retail_1990-2022,validate_retail_Tract10_1990-2022_2026-03-26_data_dictionary.xlsx,.xlsx,*_data_dictionary.xlsx,validate,Variable,3,Variable | Type | Label,,retail_establishments\retail_1990-2022\code\validate_retail_Tract10_1990-2022_2026-03-26_data_dictionary.xlsx
retail_establishments,retail_1990-2022,validate_retail_Tract20_1990-2022_2026-03-26_data_dictionary.xlsx,.xlsx,*_data_dictionary.xlsx,validate,Variable,3,Variable | Type | Label,,retail_establishments\retail_1990-2022\code\validate_retail_Tract20_1990-2022_2026-03-26_data_dictionary.xlsx
retail_establishments,retail_1990-2022,validate_retail_Zcta10_1990-2022_2026-03-26_data_dictionary.xlsx,.xlsx,*_data_dictionary.xlsx,validate,Variable,3,Variable | Type | Label,,retail_establishments\retail_1990-2022\code\validate_retail_Zcta10_1990-2022_2026-03-26_data_dictionary.xlsx
retail_establishments,retail_1990-2022,validate_retail_Zcta20_1990-2022_2026-03-26_data_dictionary.xlsx,.xlsx,*_data_dictionary.xlsx,validate,Variable,3,Variable | Type | Label,,retail_establishments\retail_1990-2022\code\validate_retail_Zcta20_1990-2022_2026-03-26_data_dictionary.xlsx
retail_establishments,retail_1990-2022,nanda_retail_Tract10_1990-2022_dictionary.csv,.csv,*_dictionary.csv,publish,variable,8,variable | type | obs | unique | mean | min | max | label,,retail_establishments\retail_1990-2022\documentation\nanda_retail_Tract10_1990-2022_dictionary.csv
retail_establishments,retail_1990-2022,nanda_retail_Tract10_1990-2022_dictionary_formatted.xlsx,.xlsx,*_dictionary.xlsx,publish,variable,8,variable | type | obs | unique | mean | min | max | label,,retail_establishments\retail_1990-2022\documentation\nanda_retail_Tract10_1990-2022_dictionary_formatted.xlsx
retail_establishments,retail_1990-2022,nanda_retail_Tract20_1990-2022_dictionary.csv,.csv,*_dictionary.csv,publish,variable,8,variable | type | obs | unique | mean | min | max | label,,retail_establishments\retail_1990-2022\documentation\nanda_retail_Tract20_1990-2022_dictionary.csv
retail_establishments,retail_1990-2022,nanda_retail_Tract20_1990-2022_dictionary_formatted.xlsx,.xlsx,*_dictionary.xlsx,publish,variable,8,variable | type | obs | unique | mean | min | max | label,,retail_establishments\retail_1990-2022\documentation\nanda_retail_Tract20_1990-2022_dictionary_formatted.xlsx
retail_establishments,retail_1990-2022,nanda_retail_Zcta10_1990-2022_dictionary.csv,.csv,*_dictionary.csv,publish,variable,8,variable | type | obs | unique | mean | min | max | label,,retail_establishments\retail_1990-2022\documentation\nanda_retail_Zcta10_1990-2022_dictionary.csv
retail_establishments,retail_1990-2022,nanda_retail_Zcta10_1990-2022_dictionary_formatted.xlsx,.xlsx,*_dictionary.xlsx,publish,variable,8,variable | type | obs | unique | mean | min | max | label,,retail_establishments\retail_1990-2022\documentation\nanda_retail_Zcta10_1990-2022_dictionary_formatted.xlsx
retail_establishments,retail_1990-2022,nanda_retail_Zcta20_1990-2022_dictionary.csv,.csv,*_dictionary.csv,publish,variable,8,variable | type | obs | unique | mean | min | max | label,,retail_establishments\retail_1990-2022\documentation\nanda_retail_Zcta20_1990-2022_dictionary.csv
retail_establishments,retail_1990-2022,nanda_retail_Zcta20_1990-2022_dictionary_formatted.xlsx,.xlsx,*_dictionary.xlsx,publish,variable,8,variable | type | obs | unique | mean | min | max | label,,retail_establishments\retail_1990-2022\documentation\nanda_retail_Zcta20_1990-2022_dictionary_formatted.xlsx
retail_establishments,retail_tract_2003-2017,nanda_retail_tract_2003-2017_01_data_dictionary.xlsx,.xlsx,*_data_dictionary.xlsx,publish,Variable,8,Variable | Type | Obs | Unique | Mean | Min | Max | Label,,retail_establishments\retail_tract_2003-2017\documentation\nanda_retail_tract_2003-2017_01_data_dictionary.xlsx
retail_establishments,retail_tract_2006-2015,building_garden_data_dictionary.xlsx,.xlsx,*_data_dictionary.xlsx,publish,Variable,9,Variable | Variable Type | Obs | Not-Null Count | Mean | Min | Max | Variable Description | Data From,,retail_establishments\retail_tract_2006-2015\documentation\building_garden_data_dictionary.xlsx
retail_establishments,retail_tract_2006-2015,clothing_data_dictionary.xlsx,.xlsx,*_data_dictionary.xlsx,publish,Variable,9,Variable | Variable Type | Obs | Not-Null Count | Mean | Min | Max | Variable Description | Data From,,retail_establishments\retail_tract_2006-2015\documentation\clothing_data_dictionary.xlsx
retail_establishments,retail_tract_2006-2015,electronics_data_dictionary.xlsx,.xlsx,*_data_dictionary.xlsx,publish,Variable,9,Variable | Variable Type | Obs | Not-Null Count | Mean | Min | Max | Variable Description | Data From,,retail_establishments\retail_tract_2006-2015\documentation\electronics_data_dictionary.xlsx
retail_establishments,retail_tract_2006-2015,furniture_data_dictionary.xlsx,.xlsx,*_data_dictionary.xlsx,publish,Variable,9,Variable | Variable Type | Obs | Not-Null Count | Mean | Min | Max | Variable Description | Data From,,retail_establishments\retail_tract_2006-2015\documentation\furniture_data_dictionary.xlsx
retail_establishments,retail_tract_2006-2015,general_store_data_dictionary.xlsx,.xlsx,*_data_dictionary.xlsx,publish,Variable,9,Variable | Variable Type | Obs | Not-Null Count | Mean | Min | Max | Variable Description | Data From,,retail_establishments\retail_tract_2006-2015\documentation\general_store_data_dictionary.xlsx
retail_establishments,retail_tract_2006-2015,grocery_stores_data_dictionary.xlsx,.xlsx,*_data_dictionary.xlsx,publish,Variable,9,Variable | Variable Type | Obs | Not-Null Count | Mean | Min | Max | Variable Description | Data From,,retail_establishments\retail_tract_2006-2015\documentation\grocery_stores_data_dictionary.xlsx
retail_establishments,retail_tract_2006-2015,liquor_stores_data_dictionary.xlsx,.xlsx,*_data_dictionary.xlsx,publish,Variable,9,Variable | Variable Type | Obs | Not-Null Count | Mean | Min | Max | Variable Description | Data From,,retail_establishments\retail_tract_2006-2015\documentation\liquor_stores_data_dictionary.xlsx
retail_establishments,retail_tract_2006-2015,post_office_data_dictionary.xlsx,.xlsx,*_data_dictionary.xlsx,publish,Variable,9,Variable | Variable Type | Obs | Not-Null Count | Mean | Min | Max | Variable Description | Data From,,retail_establishments\retail_tract_2006-2015\documentation\post_office_data_dictionary.xlsx
retail_establishments,retail_tract_2006-2015,specialty_food_data_dictionary.xlsx,.xlsx,*_data_dictionary.xlsx,publish,Variable,9,Variable | Variable Type | Obs | Not-Null Count | Mean | Min | Max | Variable Description | Data From,,retail_establishments\retail_tract_2006-2015\documentation\specialty_food_data_dictionary.xlsx
retail_establishments,retail_tract_2006-2015,sporting_goods_hobby_data_dictionary.xlsx,.xlsx,*_data_dictionary.xlsx,publish,Variable,9,Variable | Variable Type | Obs | Not-Null Count | Mean | Min | Max | Variable Description | Data From,,retail_establishments\retail_tract_2006-2015\documentation\sporting_goods_hobby_data_dictionary.xlsx
retail_establishments,retail_tract_2006-2015,tobacco_stores_data_dictionary.xlsx,.xlsx,*_data_dictionary.xlsx,publish,Variable,9,Variable | Variable Type | Obs | Not-Null Count | Mean | Min | Max | Variable Description | Data From,,retail_establishments\retail_tract_2006-2015\documentation\tobacco_stores_data_dictionary.xlsx
retail_establishments,retail_tract_2006-2015,used_merchandise_data_dictionary.xlsx,.xlsx,*_data_dictionary.xlsx,publish,Variable,9,Variable | Variable Type | Obs | Non-Zero Count | Mean | Min | Max | Variable Description | Data From,,retail_establishments\retail_tract_2006-2015\documentation\used_merchandise_data_dictionary.xlsx
retail_establishments,retail_tract_2006-2015,used_merchandise_data_dictionary.xlsx,.xlsx,*_data_dictionary.xlsx,other,Variable,9,Variable | Variable Type | Obs | Non-Zero Count | Mean | Max | Min | Variable Description | Data From,,retail_establishments\retail_tract_2006-2015\documentation\workfile_docs\used_merchandise_data_dictionary.xlsx
retail_establishments,retail_zcta_2003-2017,nanda_retail_zcta_2003-2017_01_data_dictionary.xlsx,.xlsx,*_data_dictionary.xlsx,publish,Variable,8,Variable | Type | Obs | Unique | Mean | Min | Max | Label,,retail_establishments\retail_zcta_2003-2017\documentation\nanda_retail_zcta_2003-2017_01_data_dictionary.xlsx
schools,neighborhood_school_gap_tract_0910_1516,nanda_nsgap_tract_0910_1516_02_data_dictionary.xlsx,.xlsx,*_data_dictionary.xlsx,publish,Variable,8,Variable | Type | Obs | Unique | Mean | Min | Max | Label,,schools\neighborhood_school_gap_tract_0910_1516\documentation\nanda_nsgap_tract_0910_1516_02_data_dictionary.xlsx
schools,neighborhood_school_gap_tract_0910_1516,nanda_nsgap_tract_0910_1516_01_data_dictionary.xlsx,.xlsx,*_data_dictionary.xlsx,other,Variable,8,Variable | Type | Obs | Unique | Mean | Min | Max | Label,,schools\neighborhood_school_gap_tract_0910_1516\documentation\Drafts and earlier versions\nanda_nsgap_tract_0910_1516_01_data_dictionary.xlsx
schools,neighborhood_school_gap_tract_supp_0910_1516,nanda_nsgapsp_tract_0910_02_data_dictionary.xlsx,.xlsx,*_data_dictionary.xlsx,publish,Variable,8,Variable | Type | Obs | Unique | Mean | Min | Max | Label,,schools\neighborhood_school_gap_tract_supp_0910_1516\documentation\nanda_nsgapsp_tract_0910_02_data_dictionary.xlsx
schools,neighborhood_school_gap_tract_supp_0910_1516,nanda_nsgapsp_tract_1516_02_data_dictionary.xlsx,.xlsx,*_data_dictionary.xlsx,publish,Variable,8,Variable | Type | Obs | Unique | Mean | Min | Max | Label,,schools\neighborhood_school_gap_tract_supp_0910_1516\documentation\nanda_nsgapsp_tract_1516_02_data_dictionary.xlsx
schools,neighborhood_school_gap_zcta_0910_1516,nanda_nsgap_zcta_0910_1516_02_data_dictionary.xlsx,.xlsx,*_data_dictionary.xlsx,publish,Variable,8,Variable | Type | Obs | Unique | Mean | Min | Max | Label,,schools\neighborhood_school_gap_zcta_0910_1516\documentation\nanda_nsgap_zcta_0910_1516_02_data_dictionary.xlsx
schools,neighborhood_school_gap_zcta_0910_1516,nanda_nsgap_zcta_0910_1516_01_data_dictionary.xlsx,.xlsx,*_data_dictionary.xlsx,other,Variable,8,Variable | Type | Obs | Unique | Mean | Min | Max | Label,,schools\neighborhood_school_gap_zcta_0910_1516\documentation\prior_versions\nanda_nsgap_zcta_0910_1516_01_data_dictionary.xlsx
schools,neighborhood_school_gap_zcta_supp_0910_1516,nanda_nsgapsp_zcta_0910_02_data_dictionary.xlsx,.xlsx,*_data_dictionary.xlsx,publish,Variable,8,Variable | Type | Obs | Unique | Mean | Min | Max | Label,,schools\neighborhood_school_gap_zcta_supp_0910_1516\documentation\nanda_nsgapsp_zcta_0910_02_data_dictionary.xlsx
schools,neighborhood_school_gap_zcta_supp_0910_1516,nanda_nsgapsp_zcta_1516_02_data_dictionary.xlsx,.xlsx,*_data_dictionary.xlsx,publish,Variable,8,Variable | Type | Obs | Unique | Mean | Min | Max | Label,,schools\neighborhood_school_gap_zcta_supp_0910_1516\documentation\nanda_nsgapsp_zcta_1516_02_data_dictionary.xlsx
schools,schools_district_2000-2018,nanda_schools_district_2000-2018_01_data_dictionary.xlsx,.xlsx,*_data_dictionary.xlsx,publish,Variable,8,Variable | Type | Obs | Unique | Mean | Min | Max | Label,,schools\schools_district_2000-2018\documentation\nanda_schools_district_2000-2018_01_data_dictionary.xlsx
schools,school_counts_tract_2000-2018,nanda_schoolct_tract_2000-2018_01_data_dictionary.xlsx,.xlsx,*_data_dictionary.xlsx,publish,Variable,8,Variable | type | Obs | Unique | Mean | Min | Max | Label,,schools\school_counts_tract_2000-2018\documentation\nanda_schoolct_tract_2000-2018_01_data_dictionary.xlsx
schools,school_counts_zcta_2000-2018,nanda_schoolct_zcta_2000-2018_01_data_dictionary.xlsx,.xlsx,*_data_dictionary.xlsx,publish,Variable,8,Variable | Type | Obs | Unique | Mean | Min | Max | Label,,schools\school_counts_zcta_2000-2018\documentation\nanda_schoolct_zcta_2000-2018_01_data_dictionary.xlsx
ses_demographics,sesdem_2018-2022,nanda_sesdem_Tract10_2018-2022_01_data_dictionary.xlsx,.xlsx,*_data_dictionary.xlsx,publish,Variable,3,Variable | Type | Label,,ses_demographics\sesdem_2018-2022\documentation\nanda_sesdem_Tract10_2018-2022_01_data_dictionary.xlsx
ses_demographics,sesdem_2018-2022,nanda_sesdem_Tract10_2018-2022_02_data_dictionary.xlsx,.xlsx,*_data_dictionary.xlsx,publish,Variable,3,Variable | Type | Label,,ses_demographics\sesdem_2018-2022\documentation\nanda_sesdem_Tract10_2018-2022_02_data_dictionary.xlsx
ses_demographics,sesdem_2018-2022,nanda_sesdem_Tract20_2018-2022_01_data_dictionary.xlsx,.xlsx,*_data_dictionary.xlsx,publish,Variable,3,Variable | Type | Label,,ses_demographics\sesdem_2018-2022\documentation\nanda_sesdem_Tract20_2018-2022_01_data_dictionary.xlsx
ses_demographics,sesdem_2018-2022,nanda_sesdem_Tract20_2018-2022_02_data_dictionary.xlsx,.xlsx,*_data_dictionary.xlsx,publish,Variable,2,Variable | Label,,ses_demographics\sesdem_2018-2022\documentation\nanda_sesdem_Tract20_2018-2022_02_data_dictionary.xlsx
ses_demographics,sesdem_2018-2022,nanda_sesdem_ZCTA20_2018-2022_01_data_dictionary.xlsx,.xlsx,*_data_dictionary.xlsx,publish,Variable,3,Variable | Type | Label,,ses_demographics\sesdem_2018-2022\documentation\nanda_sesdem_ZCTA20_2018-2022_01_data_dictionary.xlsx
ses_demographics,sesdem_2018-2022,nanda_sesdem_ZCTA20_2018-2022_02_data_dictionary.xlsx,.xlsx,*_data_dictionary.xlsx,publish,Variable,2,Variable | Label,,ses_demographics\sesdem_2018-2022\documentation\nanda_sesdem_ZCTA20_2018-2022_02_data_dictionary.xlsx
ses_demographics,sesdem_tract_1990,nanda_sesdem_tract_1990_01_data_dictionary.xlsx,.xlsx,*_data_dictionary.xlsx,publish,Variable,3,Variable | Type | Label,,ses_demographics\sesdem_tract_1990\documentation\nanda_sesdem_tract_1990_01_data_dictionary.xlsx
ses_demographics,sesdem_tract_1990-2010,nanda_sesdem_tract_1990-2010_01_data_dictionary.xlsx,.xlsx,*_data_dictionary.xlsx,publish,Variable,2,Variable | Label,,ses_demographics\sesdem_tract_1990-2010\documentation\nanda_sesdem_tract_1990-2010_01_data_dictionary.xlsx
ses_demographics,sesdem_tract_2000-2010,sesdem_data_dictionary.xlsx,.xlsx,*_data_dictionary.xlsx,publish,Variable Name,8,Variable Name | Type | Obs | Unique | Mean | Min | Max | Variable Label,,ses_demographics\sesdem_tract_2000-2010\documentation\sesdem_data_dictionary.xlsx
ses_demographics,sesdem_tract_2000-2010,sesdem_tract_2000-2010_03P_data_dictionary.xlsx,.xlsx,*_data_dictionary.xlsx,publish,Variable Name,8,Variable Name | Type | Obs | Unique | Mean | Min | Max | Variable Label,,ses_demographics\sesdem_tract_2000-2010\documentation\sesdem_tract_2000-2010_03P_data_dictionary.xlsx
ses_demographics,sesdem_tract_2008-2017,ses_tract_2008-2017_01_data_dictionary.xlsx,.xlsx,*_data_dictionary.xlsx,publish,Variable Name,8,Variable Name | Type | Obs | Unique | Mean | Min | Max | Label,,ses_demographics\sesdem_tract_2008-2017\documentation\ses_tract_2008-2017_01_data_dictionary.xlsx
ses_demographics,sesdem_tract_2008-2017,ses_tract_2008-2017_03_data_dictionary.xlsx,.xlsx,*_data_dictionary.xlsx,publish,Variable,8,Variable | Obs | Type | Unique | Mean | Min | Max | Label,,ses_demographics\sesdem_tract_2008-2017\documentation\ses_tract_2008-2017_03_data_dictionary.xlsx
ses_demographics,sesdem_tract_2008-2017,ses_tract_2008-2017_04_data_dictionary.xlsx,.xlsx,*_data_dictionary.xlsx,publish,Variable,8,Variable | Type | Obs | Unique | Mean | Min | Max | Label,,ses_demographics\sesdem_tract_2008-2017\documentation\ses_tract_2008-2017_04_data_dictionary.xlsx
ses_demographics,sesdem_tract_2016-2020,nanda_sesdem_tract_2016-2020_01_data_dictionary.xlsx,.xlsx,*_data_dictionary.xlsx,publish,Variable,3,Variable | Type | Label,,ses_demographics\sesdem_tract_2016-2020\Documentation\nanda_sesdem_tract_2016-2020_01_data_dictionary.xlsx
ses_demographics,sesdem_zcta_2008-2017,ses_zcta_2008-2017_02_data_dictionary.xlsx,.xlsx,*_data_dictionary.xlsx,publish,Variable,8,Variable | Type | Obs | Unique | Mean | Min | Max | Label,,ses_demographics\sesdem_zcta_2008-2017\documentation\ses_zcta_2008-2017_02_data_dictionary.xlsx
ses_demographics,sesdem_zcta_2016-2020,nanda_sesdem_zcta_2016-2020_01_data_dictionary.xlsx,.xlsx,*_data_dictionary.xlsx,publish,Variable,3,Variable | Type | Label,,ses_demographics\sesdem_zcta_2016-2020\Documentation\nanda_sesdem_zcta_2016-2020_01_data_dictionary.xlsx
ses_demographics,totpop_zcta_2000-2010,nanda_totpop_zcta_2000-2010_01_data_dictionary.xlsx,.xlsx,*_data_dictionary.xlsx,publish,Variable,8,Variable | Type | Obs | Unique | Mean | Min | Max | Label,,ses_demographics\totpop_zcta_2000-2010\documentation\nanda_totpop_zcta_2000-2010_01_data_dictionary.xlsx
social_services,social_services_1990-2021,nanda_socials_Tract10_1990-2021_01_data_dictionary.xlsx,.xlsx,*_data_dictionary.xlsx,publish,Variable,8,Variable | Type | Obs. | Unique | Mean | Min | Max | Label,,social_services\social_services_1990-2021\documentation\nanda_socials_Tract10_1990-2021_01_data_dictionary.xlsx
social_services,social_services_1990-2021,nanda_socials_Tract10_1990-2021_02_data_dictionary.xlsx,.xlsx,*_data_dictionary.xlsx,publish,Variable,3,Variable | Type | Label,,social_services\social_services_1990-2021\documentation\nanda_socials_Tract10_1990-2021_02_data_dictionary.xlsx
social_services,social_services_1990-2021,nanda_socials_Tract10_1990-2021_03_data_dictionary.xlsx,.xlsx,*_data_dictionary.xlsx,publish,Variable,8,Variable | Type | Obs | Unique | Mean | Min | Max | Label,,social_services\social_services_1990-2021\documentation\nanda_socials_Tract10_1990-2021_03_data_dictionary.xlsx
social_services,social_services_1990-2021,nanda_socials_Tract20_1990-2021_01_data_dictionary.xlsx,.xlsx,*_data_dictionary.xlsx,publish,Variable,8,Variable | Type | Obs | Unique | Mean | Min | Max | Label,,social_services\social_services_1990-2021\documentation\nanda_socials_Tract20_1990-2021_01_data_dictionary.xlsx
social_services,social_services_1990-2021,nanda_socials_ZCTA10_1990-2021_01_data_dictionary.xlsx,.xlsx,*_data_dictionary.xlsx,publish,Variable,3,Variable | Type | Label,,social_services\social_services_1990-2021\documentation\nanda_socials_ZCTA10_1990-2021_01_data_dictionary.xlsx
social_services,social_services_1990-2021,nanda_socials_ZCTA10_1990-2021_02_data_dictionary.xlsx,.xlsx,*_data_dictionary.xlsx,publish,Variable,3,Variable | Type | Label,,social_services\social_services_1990-2021\documentation\nanda_socials_ZCTA10_1990-2021_02_data_dictionary.xlsx
social_services,social_services_1990-2021,nanda_socials_ZCTA10_1990-2021_03_data_dictionary.xlsx,.xlsx,*_data_dictionary.xlsx,publish,Variable,8,Variable | Type | Obs | Unique | Mean | Min | Max | Label,,social_services\social_services_1990-2021\documentation\nanda_socials_ZCTA10_1990-2021_03_data_dictionary.xlsx
social_services,social_services_1990-2021,nanda_socials_ZCTA20_1990-2021_01_data_dictionary.xlsx,.xlsx,*_data_dictionary.xlsx,publish,Variable,8,Variable | Type | Obs | Unique | Mean | Min | Max | Label,,social_services\social_services_1990-2021\documentation\nanda_socials_ZCTA20_1990-2021_01_data_dictionary.xlsx
social_services,social_services_1990-2022,validate_socials_Tract10_1990-2022_2026-03-26_data_dictionary.xlsx,.xlsx,*_data_dictionary.xlsx,validate,Variable,3,Variable | Type | Label,,social_services\social_services_1990-2022\code\validate_socials_Tract10_1990-2022_2026-03-26_data_dictionary.xlsx
social_services,social_services_1990-2022,validate_socials_Tract20_1990-2022_2026-03-26_data_dictionary.xlsx,.xlsx,*_data_dictionary.xlsx,validate,Variable,3,Variable | Type | Label,,social_services\social_services_1990-2022\code\validate_socials_Tract20_1990-2022_2026-03-26_data_dictionary.xlsx
social_services,social_services_1990-2022,validate_socials_Zcta10_1990-2022_2026-03-26_data_dictionary.xlsx,.xlsx,*_data_dictionary.xlsx,validate,Variable,3,Variable | Type | Label,,social_services\social_services_1990-2022\code\validate_socials_Zcta10_1990-2022_2026-03-26_data_dictionary.xlsx
social_services,social_services_1990-2022,validate_socials_Zcta20_1990-2022_2026-03-26_data_dictionary.xlsx,.xlsx,*_data_dictionary.xlsx,validate,Variable,3,Variable | Type | Label,,social_services\social_services_1990-2022\code\validate_socials_Zcta20_1990-2022_2026-03-26_data_dictionary.xlsx
social_services,social_services_1990-2022,nanda_socials_Tract10_1990-2022_dictionary.csv,.csv,*_dictionary.csv,publish,variable,8,variable | type | obs | unique | mean | min | max | label,,social_services\social_services_1990-2022\documentation\nanda_socials_Tract10_1990-2022_dictionary.csv
social_services,social_services_1990-2022,nanda_socials_Tract10_1990-2022_dictionary_formatted.xlsx,.xlsx,*_dictionary.xlsx,publish,variable,8,variable | type | obs | unique | mean | min | max | label,,social_services\social_services_1990-2022\documentation\nanda_socials_Tract10_1990-2022_dictionary_formatted.xlsx
social_services,social_services_1990-2022,nanda_socials_Tract20_1990-2022_dictionary.csv,.csv,*_dictionary.csv,publish,variable,8,variable | type | obs | unique | mean | min | max | label,,social_services\social_services_1990-2022\documentation\nanda_socials_Tract20_1990-2022_dictionary.csv
social_services,social_services_1990-2022,nanda_socials_Tract20_1990-2022_dictionary_formatted.xlsx,.xlsx,*_dictionary.xlsx,publish,variable,8,variable | type | obs | unique | mean | min | max | label,,social_services\social_services_1990-2022\documentation\nanda_socials_Tract20_1990-2022_dictionary_formatted.xlsx
social_services,social_services_1990-2022,nanda_socials_Zcta10_1990-2022_dictionary.csv,.csv,*_dictionary.csv,publish,variable,8,variable | type | obs | unique | mean | min | max | label,,social_services\social_services_1990-2022\documentation\nanda_socials_Zcta10_1990-2022_dictionary.csv
social_services,social_services_1990-2022,nanda_socials_Zcta10_1990-2022_dictionary_formatted.xlsx,.xlsx,*_dictionary.xlsx,publish,variable,8,variable | type | obs | unique | mean | min | max | label,,social_services\social_services_1990-2022\documentation\nanda_socials_Zcta10_1990-2022_dictionary_formatted.xlsx
social_services,social_services_1990-2022,nanda_socials_Zcta20_1990-2022_dictionary.csv,.csv,*_dictionary.csv,publish,variable,8,variable | type | obs | unique | mean | min | max | label,,social_services\social_services_1990-2022\documentation\nanda_socials_Zcta20_1990-2022_dictionary.csv
social_services,social_services_1990-2022,nanda_socials_Zcta20_1990-2022_dictionary_formatted.xlsx,.xlsx,*_dictionary.xlsx,publish,variable,8,variable | type | obs | unique | mean | min | max | label,,social_services\social_services_1990-2022\documentation\nanda_socials_Zcta20_1990-2022_dictionary_formatted.xlsx
social_services,social_services_tract_2003-2017,nanda_socsvcs_tract_2003-2017_01_data_dictionary.xlsx,.xlsx,*_data_dictionary.xlsx,publish,Variable,8,Variable | Type | Obs | Unique | Mean | Min | Max | Label,,social_services\social_services_tract_2003-2017\documentation\nanda_socsvcs_tract_2003-2017_01_data_dictionary.xlsx
social_services,social_services_tract_2006-2015,elderly_disability_services_data_dictionary.xlsx,.xlsx,*_data_dictionary.xlsx,publish,Variable,9,Variable | Variable Type | Obs | Not-Null Count | Mean | Min | Max | Variable Description | Data From,,social_services\social_services_tract_2006-2015\documentation\elderly_disability_services_data_dictionary.xlsx
social_services,social_services_tract_2006-2015,social_assistance_data_dictionary.xlsx,.xlsx,*_data_dictionary.xlsx,publish,Variable,9,Variable | Variable Type | Obs | Not-Null Count | Mean | Min | Max | Variable Description | Data From,,social_services\social_services_tract_2006-2015\documentation\social_assistance_data_dictionary.xlsx
social_services,social_services_tract_2006-2015,social_services_data_dictionary.xlsx,.xlsx,*_data_dictionary.xlsx,publish,Variable Name,8,Variable Name | Type | Obs | Unique | Mean | Min | Max | Variable Label,,social_services\social_services_tract_2006-2015\documentation\social_services_data_dictionary.xlsx
social_services,social_services_zcta_2003-2017,nanda_socsvcs_zcta_2003-2017_01_data_dictionary.xlsx,.xlsx,*_data_dictionary.xlsx,publish,Variable,8,Variable | Type | Obs | Unique | Mean | Min | Max | Label,,social_services\social_services_zcta_2003-2017\documentation\nanda_socsvcs_zcta_2003-2017_01_data_dictionary.xlsx
street_connectivity,street_connectivity_tract_2010,nanda_stconnct_tract_2010_01_data_dictionary.xlsx,.xlsx,*_data_dictionary.xlsx,publish,Variable,9,Variable | Type | Obs | Unique | Mean | Min | Max | Variable Label | Additional Information,,street_connectivity\street_connectivity_tract_2010\documentation\nanda_stconnct_tract_2010_01_data_dictionary.xlsx
street_connectivity,street_connectivity_tract_2010,nanda_stconnct_tract_2010_02_data_dictionary.xlsx,.xlsx,*_data_dictionary.xlsx,publish,Variable,8,Variable | type | Obs | Unique | Mean | Min | Max | Label,,street_connectivity\street_connectivity_tract_2010\documentation\nanda_stconnct_tract_2010_02_data_dictionary.xlsx
street_connectivity,street_connectivity_tract_2020,nanda_stconnect_tract_2020_01_data_dictionary.xlsx,.xlsx,*_data_dictionary.xlsx,publish,,0,,BadZipFile: File is not a zip file,street_connectivity\street_connectivity_tract_2020\documentation\nanda_stconnect_tract_2020_01_data_dictionary.xlsx
street_connectivity,street_connectivity_tract_2020,nanda_stconnect_tract_2020_02_data_dictionary.xlsx,.xlsx,*_data_dictionary.xlsx,publish,Variable,8,Variable | Type | Obs | Unique | Mean | Min | Max | Label,,street_connectivity\street_connectivity_tract_2020\documentation\nanda_stconnect_tract_2020_02_data_dictionary.xlsx
street_connectivity,street_connectivity_zcta_2010,nanda_stconnct_zcta_2010_01_data_dictionary.xlsx,.xlsx,*_data_dictionary.xlsx,publish,Variable,8,Variable | Type | Obs | Unique | Mean | Min | Max | Label,,street_connectivity\street_connectivity_zcta_2010\documentation\nanda_stconnct_zcta_2010_01_data_dictionary.xlsx
street_connectivity,street_connectivity_zcta_2020,nanda_stconnct_zcta_2020_02_data_dictionary.xlsx,.xlsx,*_data_dictionary.xlsx,publish,Variable,8,Variable | Type | Obs | Unique | Mean | Min | Max | Label,,street_connectivity\street_connectivity_zcta_2020\documentation\nanda_stconnct_zcta_2020_02_data_dictionary.xlsx
street_connectivity,street_connectivity_zcta_2020,nanda_stconnct_zcta_2020_03_data_dictionary.xlsx,.xlsx,*_data_dictionary.xlsx,publish,Variable,8,Variable | Type | Obs | Unique | Mean | Min | Max | Label,,street_connectivity\street_connectivity_zcta_2020\documentation\nanda_stconnct_zcta_2020_03_data_dictionary.xlsx
street_connectivity,street_connectivity_zcta_2020,nanda_stconnct_zcta_2020_04_data_dictionary.xlsx,.xlsx,*_data_dictionary.xlsx,publish,Variable,3,Variable | Type | Label,,street_connectivity\street_connectivity_zcta_2020\documentation\nanda_stconnct_zcta_2020_04_data_dictionary.xlsx
traffic,street_type_tract_2010,nanda_prisecrd_tract_2010_02_data_dictionary.xlsx,.xlsx,*_data_dictionary.xlsx,publish,Variable,8,Variable | Type | Obs | Unique | Mean | Min | Max | Label,,traffic\street_type_tract_2010\documentation\nanda_prisecrd_tract_2010_02_data_dictionary.xlsx
traffic,street_type_tract_2010,nanda_prisecrd_tract_2010_01_data_dictionary.xlsx,.xlsx,*_data_dictionary.xlsx,other,Variable,8,Variable | Type | Obs | Unique | Mean | Min | Max | Label,,traffic\street_type_tract_2010\documentation\earlier_versions\nanda_prisecrd_tract_2010_01_data_dictionary.xlsx
traffic,street_type_tract_2020,nanda_prisecrd_tract20_2020_01_data_dictionary.xlsx,.xlsx,*_data_dictionary.xlsx,publish,Variable,3,Variable | Type | Label,,traffic\street_type_tract_2020\documentation\nanda_prisecrd_tract20_2020_01_data_dictionary.xlsx
traffic,street_type_tract_2020,nanda_prisecrd_tract20_2020_02_data_dictionary.xlsx,.xlsx,*_data_dictionary.xlsx,publish,Variable,3,Variable | Type | Label,,traffic\street_type_tract_2020\documentation\nanda_prisecrd_tract20_2020_02_data_dictionary.xlsx
traffic,street_type_zcta_2010,nanda_prisecrd_zcta_2010_01_data_dictionary.xlsx,.xlsx,*_data_dictionary.xlsx,publish,Variable,8,Variable | Type | Obs | Unique | Mean | Min | Max | Label,,traffic\street_type_zcta_2010\documentation\nanda_prisecrd_zcta_2010_01_data_dictionary.xlsx
traffic,street_type_zcta_2020,nanda_prisecrd_ZCTA20_2020_01_data_dictionary.xlsx,.xlsx,*_data_dictionary.xlsx,publish,Variable,3,Variable | Type | Label,,traffic\street_type_zcta_2020\documentation\nanda_prisecrd_ZCTA20_2020_01_data_dictionary.xlsx
traffic,street_type_zcta_2020,nanda_prisecrd_ZCTA20_2020_02_data_dictionary.xlsx,.xlsx,*_data_dictionary.xlsx,publish,Variable,3,Variable | Type | Label,,traffic\street_type_zcta_2020\documentation\nanda_prisecrd_ZCTA20_2020_02_data_dictionary.xlsx
traffic,traffic_volume_interpolated_zcta_1963-2019,nanda_trfvoli_zcta_1963-2019_01_data_dictionary.xlsx,.xlsx,*_data_dictionary.xlsx,publish,Variable,8,Variable | Type | Obs | Unique | Mean | Min | Max | Label,,traffic\traffic_volume_interpolated_zcta_1963-2019\documentation\nanda_trfvoli_zcta_1963-2019_01_data_dictionary.xlsx
traffic,traffic_volume_noninterpolated_tract_1963-2019,nanda_trfvolni_tract_1963-2019_01_data_dictionary.xlsx,.xlsx,*_data_dictionary.xlsx,publish,Variable,8,Variable | Type | Obs | Unique | Mean | Min | Max | Label,,traffic\traffic_volume_noninterpolated_tract_1963-2019\documentation\nanda_trfvolni_tract_1963-2019_01_data_dictionary.xlsx
traffic,traffic_volume_noninterpolated_zcta_1963-2019,nanda_trfvolni_zcta_1963-2019_01_data_dictionary.xlsx,.xlsx,*_data_dictionary.xlsx,publish,Variable,8,Variable | Type | Obs | Unique | Mean | Min | Max | Label,,traffic\traffic_volume_noninterpolated_zcta_1963-2019\documentation\nanda_trfvolni_zcta_1963-2019_01_data_dictionary.xlsx
training_vocation,training_vocation_1990-2022,validate_trainvoc_Tract10_1990-2022_2026-01-21_data_dictionary.xlsx,.xlsx,*_data_dictionary.xlsx,validate,Variable,3,Variable | Type | Label,,training_vocation\training_vocation_1990-2022\code\validate_trainvoc_Tract10_1990-2022_2026-01-21_data_dictionary.xlsx
training_vocation,training_vocation_1990-2022,validate_trainvoc_Tract20_1990-2022_2026-01-21_data_dictionary.xlsx,.xlsx,*_data_dictionary.xlsx,validate,Variable,3,Variable | Type | Label,,training_vocation\training_vocation_1990-2022\code\validate_trainvoc_Tract20_1990-2022_2026-01-21_data_dictionary.xlsx
training_vocation,training_vocation_1990-2022,validate_trainvoc_Zcta10_1990-2022_2026-01-21_data_dictionary.xlsx,.xlsx,*_data_dictionary.xlsx,validate,Variable,3,Variable | Type | Label,,training_vocation\training_vocation_1990-2022\code\validate_trainvoc_Zcta10_1990-2022_2026-01-21_data_dictionary.xlsx
training_vocation,training_vocation_1990-2022,validate_trainvoc_Zcta20_1990-2022_2026-01-21_data_dictionary.xlsx,.xlsx,*_data_dictionary.xlsx,validate,Variable,3,Variable | Type | Label,,training_vocation\training_vocation_1990-2022\code\validate_trainvoc_Zcta20_1990-2022_2026-01-21_data_dictionary.xlsx
training_vocation,training_vocation_1990-2022,nanda_trainvoc_Tract10_1990-2022_dictionary.csv,.csv,*_dictionary.csv,publish,variable,8,variable | type | obs | unique | mean | min | max | label,,training_vocation\training_vocation_1990-2022\documentation\nanda_trainvoc_Tract10_1990-2022_dictionary.csv
training_vocation,training_vocation_1990-2022,nanda_trainvoc_Tract20_1990-2022_dictionary.csv,.csv,*_dictionary.csv,publish,variable,8,variable | type | obs | unique | mean | min | max | label,,training_vocation\training_vocation_1990-2022\documentation\nanda_trainvoc_Tract20_1990-2022_dictionary.csv
training_vocation,training_vocation_1990-2022,nanda_trainvoc_Zcta10_1990-2022_dictionary.csv,.csv,*_dictionary.csv,publish,variable,8,variable | type | obs | unique | mean | min | max | label,,training_vocation\training_vocation_1990-2022\documentation\nanda_trainvoc_Zcta10_1990-2022_dictionary.csv
training_vocation,training_vocation_1990-2022,nanda_trainvoc_Zcta20_1990-2022_dictionary.csv,.csv,*_dictionary.csv,publish,variable,8,variable | type | obs | unique | mean | min | max | label,,training_vocation\training_vocation_1990-2022\documentation\nanda_trainvoc_Zcta20_1990-2022_dictionary.csv
urbanicity,urbanicity_ruca_zip_2010,nanda_urbanicity_ruca_zip_2010_01_data_dictionary.xlsx,.xlsx,*_data_dictionary.xlsx,publish,Variable,9,Variable | name | Obs | Unique | Mean | Min | Max | Label | Additional Information,,urbanicity\urbanicity_ruca_zip_2010\documentation\nanda_urbanicity_ruca_zip_2010_01_data_dictionary.xlsx
urbanicity,urbanicity_tract_2010,nanda_urbanicity_tract_2010_01_data_dictionary.xlsx,.xlsx,*_data_dictionary.xlsx,publish,Variable,10,Variable | Data Type | Obs | Unique | Mean | Min | Max | Variable Label | Additional Information | Source,,urbanicity\urbanicity_tract_2010\documentation\nanda_urbanicity_tract_2010_01_data_dictionary.xlsx
urbanicity,urbanicity_tract_2010,urbanicity_data_dictionary_draft.xlsx,.xlsx,*_data_dictionary.xlsx,other,Variable,15,Drop | Variable | Revised Variable Name | Data Type | Rev data type | Obs | Unique | Mean | Min | Max | Variable Label | Revised label | Additional Information | Source | Curation Notes,,urbanicity\urbanicity_tract_2010\documentation\drafts\urbanicity_data_dictionary_draft.xlsx
voting,voting_county_2004-2018,nanda_voting_county_2004-2018_01_data_dictionary.xlsx,.xlsx,*_data_dictionary.xlsx,publish,Variable,8,Variable | Type | Obs | Unique | Mean | Min | Max | Label,,voting\voting_county_2004-2018\documentation\nanda_voting_county_2004-2018_01_data_dictionary.xlsx
voting,voting_county_2018-2022,nanda_voting_county_2018-2022_01_data_dictionary.xlsx,.xlsx,*_data_dictionary.xlsx,publish,Variable,2,Variable | Label,,voting\voting_county_2018-2022\documentation\nanda_voting_county_2018-2022_01_data_dictionary.xlsx
voting,voting_county_2018-2022,nanda_voting_county_2018-2022_02_data_dictionary.xlsx,.xlsx,*_data_dictionary.xlsx,publish,Variable,3,Variable | Type | Label,,voting\voting_county_2018-2022\documentation\nanda_voting_county_2018-2022_02_data_dictionary.xlsx
weather,weather_county_2003-2016,nanda_coldp1_county_2002-2016_03_data_dictionary.xlsx,.xlsx,*_data_dictionary.xlsx,publish,Variable,8,Variable | Type | Obs | Unique | Mean | Min | Max | Label,,weather\weather_county_2003-2016\cold_days_p1_county_2002-2016\documentation\nanda_coldp1_county_2002-2016_03_data_dictionary.xlsx
weather,weather_county_2003-2016,nanda_coldp1_county_2002_04_data_dictionary.xlsx,.xlsx,*_data_dictionary.xlsx,publish,Variable,3,Variable | Type | Label,,weather\weather_county_2003-2016\cold_days_p1_county_2002-2016\documentation\nanda_coldp1_county_2002_04_data_dictionary.xlsx
weather,weather_county_2003-2016,nanda_coldp1_county_2002_05_data_dictionary.xlsx,.xlsx,*_data_dictionary.xlsx,publish,Variable,3,Variable | Type | Label,,weather\weather_county_2003-2016\cold_days_p1_county_2002-2016\documentation\nanda_coldp1_county_2002_05_data_dictionary.xlsx
weather,weather_county_2003-2016,nanda_coldp1_county_2002_06_data_dictionary.xlsx,.xlsx,*_data_dictionary.xlsx,publish,Variable,3,Variable | Type | Label,,weather\weather_county_2003-2016\cold_days_p1_county_2002-2016\documentation\nanda_coldp1_county_2002_06_data_dictionary.xlsx
weather,weather_county_2003-2016,nanda_coldp1_county_2003_05_data_dictionary.xlsx,.xlsx,*_data_dictionary.xlsx,publish,Variable,3,Variable | Type | Label,,weather\weather_county_2003-2016\cold_days_p1_county_2002-2016\documentation\nanda_coldp1_county_2003_05_data_dictionary.xlsx
weather,weather_county_2003-2016,nanda_coldp1_county_2003_06_data_dictionary.xlsx,.xlsx,*_data_dictionary.xlsx,publish,Variable,3,Variable | Type | Label,,weather\weather_county_2003-2016\cold_days_p1_county_2002-2016\documentation\nanda_coldp1_county_2003_06_data_dictionary.xlsx
weather,weather_county_2003-2016,nanda_coldp1_county_2004_05_data_dictionary.xlsx,.xlsx,*_data_dictionary.xlsx,publish,Variable,3,Variable | Type | Label,,weather\weather_county_2003-2016\cold_days_p1_county_2002-2016\documentation\nanda_coldp1_county_2004_05_data_dictionary.xlsx
weather,weather_county_2003-2016,nanda_coldp1_county_2004_06_data_dictionary.xlsx,.xlsx,*_data_dictionary.xlsx,publish,Variable,3,Variable | Type | Label,,weather\weather_county_2003-2016\cold_days_p1_county_2002-2016\documentation\nanda_coldp1_county_2004_06_data_dictionary.xlsx
weather,weather_county_2003-2016,nanda_coldp1_county_2005_05_data_dictionary.xlsx,.xlsx,*_data_dictionary.xlsx,publish,Variable,3,Variable | Type | Label,,weather\weather_county_2003-2016\cold_days_p1_county_2002-2016\documentation\nanda_coldp1_county_2005_05_data_dictionary.xlsx
weather,weather_county_2003-2016,nanda_coldp1_county_2005_06_data_dictionary.xlsx,.xlsx,*_data_dictionary.xlsx,publish,Variable,3,Variable | Type | Label,,weather\weather_county_2003-2016\cold_days_p1_county_2002-2016\documentation\nanda_coldp1_county_2005_06_data_dictionary.xlsx
weather,weather_county_2003-2016,nanda_coldp1_county_2006_05_data_dictionary.xlsx,.xlsx,*_data_dictionary.xlsx,publish,Variable,3,Variable | Type | Label,,weather\weather_county_2003-2016\cold_days_p1_county_2002-2016\documentation\nanda_coldp1_county_2006_05_data_dictionary.xlsx
weather,weather_county_2003-2016,nanda_coldp1_county_2006_06_data_dictionary.xlsx,.xlsx,*_data_dictionary.xlsx,publish,Variable,3,Variable | Type | Label,,weather\weather_county_2003-2016\cold_days_p1_county_2002-2016\documentation\nanda_coldp1_county_2006_06_data_dictionary.xlsx
weather,weather_county_2003-2016,nanda_coldp1_county_2007_05_data_dictionary.xlsx,.xlsx,*_data_dictionary.xlsx,publish,Variable,3,Variable | Type | Label,,weather\weather_county_2003-2016\cold_days_p1_county_2002-2016\documentation\nanda_coldp1_county_2007_05_data_dictionary.xlsx
weather,weather_county_2003-2016,nanda_coldp1_county_2007_06_data_dictionary.xlsx,.xlsx,*_data_dictionary.xlsx,publish,Variable,3,Variable | Type | Label,,weather\weather_county_2003-2016\cold_days_p1_county_2002-2016\documentation\nanda_coldp1_county_2007_06_data_dictionary.xlsx
weather,weather_county_2003-2016,nanda_coldp1_county_2008_05_data_dictionary.xlsx,.xlsx,*_data_dictionary.xlsx,publish,Variable,3,Variable | Type | Label,,weather\weather_county_2003-2016\cold_days_p1_county_2002-2016\documentation\nanda_coldp1_county_2008_05_data_dictionary.xlsx
weather,weather_county_2003-2016,nanda_coldp1_county_2008_06_data_dictionary.xlsx,.xlsx,*_data_dictionary.xlsx,publish,Variable,3,Variable | Type | Label,,weather\weather_county_2003-2016\cold_days_p1_county_2002-2016\documentation\nanda_coldp1_county_2008_06_data_dictionary.xlsx
weather,weather_county_2003-2016,nanda_coldp1_county_2009_05_data_dictionary.xlsx,.xlsx,*_data_dictionary.xlsx,publish,Variable,3,Variable | Type | Label,,weather\weather_county_2003-2016\cold_days_p1_county_2002-2016\documentation\nanda_coldp1_county_2009_05_data_dictionary.xlsx
weather,weather_county_2003-2016,nanda_coldp1_county_2009_06_data_dictionary.xlsx,.xlsx,*_data_dictionary.xlsx,publish,Variable,3,Variable | Type | Label,,weather\weather_county_2003-2016\cold_days_p1_county_2002-2016\documentation\nanda_coldp1_county_2009_06_data_dictionary.xlsx
weather,weather_county_2003-2016,nanda_coldp1_county_2010_05_data_dictionary.xlsx,.xlsx,*_data_dictionary.xlsx,publish,Variable,3,Variable | Type | Label,,weather\weather_county_2003-2016\cold_days_p1_county_2002-2016\documentation\nanda_coldp1_county_2010_05_data_dictionary.xlsx
weather,weather_county_2003-2016,nanda_coldp1_county_2010_06_data_dictionary.xlsx,.xlsx,*_data_dictionary.xlsx,publish,Variable,3,Variable | Type | Label,,weather\weather_county_2003-2016\cold_days_p1_county_2002-2016\documentation\nanda_coldp1_county_2010_06_data_dictionary.xlsx
weather,weather_county_2003-2016,nanda_coldp1_county_2011_05_data_dictionary.xlsx,.xlsx,*_data_dictionary.xlsx,publish,Variable,3,Variable | Type | Label,,weather\weather_county_2003-2016\cold_days_p1_county_2002-2016\documentation\nanda_coldp1_county_2011_05_data_dictionary.xlsx
weather,weather_county_2003-2016,nanda_coldp1_county_2011_06_data_dictionary.xlsx,.xlsx,*_data_dictionary.xlsx,publish,Variable,3,Variable | Type | Label,,weather\weather_county_2003-2016\cold_days_p1_county_2002-2016\documentation\nanda_coldp1_county_2011_06_data_dictionary.xlsx
weather,weather_county_2003-2016,nanda_coldp1_county_2012_05_data_dictionary.xlsx,.xlsx,*_data_dictionary.xlsx,publish,Variable,3,Variable | Type | Label,,weather\weather_county_2003-2016\cold_days_p1_county_2002-2016\documentation\nanda_coldp1_county_2012_05_data_dictionary.xlsx
weather,weather_county_2003-2016,nanda_coldp1_county_2012_06_data_dictionary.xlsx,.xlsx,*_data_dictionary.xlsx,publish,Variable,3,Variable | Type | Label,,weather\weather_county_2003-2016\cold_days_p1_county_2002-2016\documentation\nanda_coldp1_county_2012_06_data_dictionary.xlsx
weather,weather_county_2003-2016,nanda_coldp1_county_2013_05_data_dictionary.xlsx,.xlsx,*_data_dictionary.xlsx,publish,Variable,3,Variable | Type | Label,,weather\weather_county_2003-2016\cold_days_p1_county_2002-2016\documentation\nanda_coldp1_county_2013_05_data_dictionary.xlsx
weather,weather_county_2003-2016,nanda_coldp1_county_2013_06_data_dictionary.xlsx,.xlsx,*_data_dictionary.xlsx,publish,Variable,3,Variable | Type | Label,,weather\weather_county_2003-2016\cold_days_p1_county_2002-2016\documentation\nanda_coldp1_county_2013_06_data_dictionary.xlsx
weather,weather_county_2003-2016,nanda_coldp1_county_2014_05_data_dictionary.xlsx,.xlsx,*_data_dictionary.xlsx,publish,Variable,3,Variable | Type | Label,,weather\weather_county_2003-2016\cold_days_p1_county_2002-2016\documentation\nanda_coldp1_county_2014_05_data_dictionary.xlsx
weather,weather_county_2003-2016,nanda_coldp1_county_2014_06_data_dictionary.xlsx,.xlsx,*_data_dictionary.xlsx,publish,Variable,3,Variable | Type | Label,,weather\weather_county_2003-2016\cold_days_p1_county_2002-2016\documentation\nanda_coldp1_county_2014_06_data_dictionary.xlsx
weather,weather_county_2003-2016,nanda_coldp1_county_2015_05_data_dictionary.xlsx,.xlsx,*_data_dictionary.xlsx,publish,Variable,3,Variable | Type | Label,,weather\weather_county_2003-2016\cold_days_p1_county_2002-2016\documentation\nanda_coldp1_county_2015_05_data_dictionary.xlsx
weather,weather_county_2003-2016,nanda_coldp1_county_2015_06_data_dictionary.xlsx,.xlsx,*_data_dictionary.xlsx,publish,Variable,3,Variable | Type | Label,,weather\weather_county_2003-2016\cold_days_p1_county_2002-2016\documentation\nanda_coldp1_county_2015_06_data_dictionary.xlsx
weather,weather_county_2003-2016,nanda_coldp1_county_2016_05_data_dictionary.xlsx,.xlsx,*_data_dictionary.xlsx,publish,Variable,3,Variable | Type | Label,,weather\weather_county_2003-2016\cold_days_p1_county_2002-2016\documentation\nanda_coldp1_county_2016_05_data_dictionary.xlsx
weather,weather_county_2003-2016,nanda_coldp1_county_2016_06_data_dictionary.xlsx,.xlsx,*_data_dictionary.xlsx,publish,Variable,3,Variable | Type | Label,,weather\weather_county_2003-2016\cold_days_p1_county_2002-2016\documentation\nanda_coldp1_county_2016_06_data_dictionary.xlsx
weather,weather_county_2003-2016,nanda_coldp5_county_2002-2016_02_data_dictionary.xlsx,.xlsx,*_data_dictionary.xlsx,publish,Variable,8,Variable | Type | Obs | Unique | Mean | Min | Max | Label,,weather\weather_county_2003-2016\cold_days_p5_county_2002-2016\documentation\nanda_coldp5_county_2002-2016_02_data_dictionary.xlsx
weather,weather_county_2003-2016,nanda_coldprcp_county_2002-2016_02_data_dictionary.xlsx,.xlsx,*_data_dictionary.xlsx,publish,Variable,8,Variable | Type | Obs | Unique | Mean | Min | Max | Label,,weather\weather_county_2003-2016\cold_days_precip_county_2002-2016\documentation\nanda_coldprcp_county_2002-2016_02_data_dictionary.xlsx
weather,weather_county_2003-2016,nanda_frzday_county_2002-2016_01_data_dictionary.xlsx,.xlsx,*_data_dictionary.xlsx,publish,Variable,8,Variable | Type | Obs | Unique | Mean | Min | Max | Label,,weather\weather_county_2003-2016\freezing_days_county_2002-2016\documentation\nanda_frzday_county_2002-2016_01_data_dictionary.xlsx
weather,weather_county_2003-2016,nanda_frzday_county_2003_02_data_dictionary.xlsx,.xlsx,*_data_dictionary.xlsx,publish,Variable,3,Variable | Type | Label,,weather\weather_county_2003-2016\freezing_days_county_2002-2016\documentation\nanda_frzday_county_2003_02_data_dictionary.xlsx
weather,weather_county_2003-2016,nanda_frzprcp_county_2002-2016_01_data_dictionary.xlsx,.xlsx,*_data_dictionary.xlsx,publish,Variable,8,Variable | Type | Obs | Unique | Mean | Min | Max | Label,,weather\weather_county_2003-2016\freezing_days_precip_county_2002-2016\documentation\nanda_frzprcp_county_2002-2016_01_data_dictionary.xlsx
weather,weather_county_2003-2016,nanda_hotp95_county_2002-2016_01_data_dictionary.xlsx,.xlsx,*_data_dictionary.xlsx,publish,Variable,8,Variable | Type | Obs | Unique | Mean | Min | Max | Label,,weather\weather_county_2003-2016\hot_days_p95_county_2002-2016\documentation\nanda_hotp95_county_2002-2016_01_data_dictionary.xlsx
weather,weather_county_2003-2016,nanda_rainsnow_county_2002-2016_01_data_dictionary.xlsx,.xlsx,*_data_dictionary.xlsx,publish,Variable,8,Variable | Type | Obs | Unique | Mean | Min | Max | Label,,weather\weather_county_2003-2016\rainsnow_county_2002-2016\documentation\nanda_rainsnow_county_2002-2016_01_data_dictionary.xlsx
weather,weather_county_2003-2016,nanda_rained_county_2002-2016_01_data_dictionary.xlsx,.xlsx,*_data_dictionary.xlsx,publish,Variable,8,Variable | Type | Obs | Unique | Mean | Min | Max | Label,,weather\weather_county_2003-2016\rainy_days_county_2002-2016\documentation\nanda_rained_county_2002-2016_01_data_dictionary.xlsx
weather,weather_county_2003-2016,nanda_snowed_county_2002-2016_01_data_dictionary.xlsx,.xlsx,*_data_dictionary.xlsx,publish,Variable,8,Variable | type | Obs | Unique | Mean | Min | Max | Label,,weather\weather_county_2003-2016\snowy_days_county_2002-2016\documentation\nanda_snowed_county_2002-2016_01_data_dictionary.xlsx
weather,weather_county_2003-2016,nanda_snowed_county_2002_02_data_dictionary.xlsx,.xlsx,*_data_dictionary.xlsx,publish,Variable,3,Variable | Type | Label,,weather\weather_county_2003-2016\snowy_days_county_2002-2016\documentation\nanda_snowed_county_2002_02_data_dictionary.xlsx
weather,weather_county_2003-2016,nanda_snowed_county_2002_03_data_dictionary.xlsx,.xlsx,*_data_dictionary.xlsx,publish,Variable,3,Variable | Type | Label,,weather\weather_county_2003-2016\snowy_days_county_2002-2016\documentation\nanda_snowed_county_2002_03_data_dictionary.xlsx
weather,weather_county_2003-2016,nanda_snowed_county_2003_02_data_dictionary.xlsx,.xlsx,*_data_dictionary.xlsx,publish,Variable,3,Variable | Type | Label,,weather\weather_county_2003-2016\snowy_days_county_2002-2016\documentation\nanda_snowed_county_2003_02_data_dictionary.xlsx
weather,weather_county_2003-2016,nanda_snowed_county_2003_03_data_dictionary.xlsx,.xlsx,*_data_dictionary.xlsx,publish,Variable,3,Variable | Type | Label,,weather\weather_county_2003-2016\snowy_days_county_2002-2016\documentation\nanda_snowed_county_2003_03_data_dictionary.xlsx
weather,weather_county_2003-2016,nanda_snowed_county_2004_02_data_dictionary.xlsx,.xlsx,*_data_dictionary.xlsx,publish,Variable,3,Variable | Type | Label,,weather\weather_county_2003-2016\snowy_days_county_2002-2016\documentation\nanda_snowed_county_2004_02_data_dictionary.xlsx
weather,weather_county_2003-2016,nanda_snowed_county_2004_03_data_dictionary.xlsx,.xlsx,*_data_dictionary.xlsx,publish,Variable,3,Variable | Type | Label,,weather\weather_county_2003-2016\snowy_days_county_2002-2016\documentation\nanda_snowed_county_2004_03_data_dictionary.xlsx
weather,weather_county_2003-2016,nanda_snowed_county_2005_02_data_dictionary.xlsx,.xlsx,*_data_dictionary.xlsx,publish,Variable,3,Variable | Type | Label,,weather\weather_county_2003-2016\snowy_days_county_2002-2016\documentation\nanda_snowed_county_2005_02_data_dictionary.xlsx
weather,weather_county_2003-2016,nanda_snowed_county_2005_03_data_dictionary.xlsx,.xlsx,*_data_dictionary.xlsx,publish,Variable,3,Variable | Type | Label,,weather\weather_county_2003-2016\snowy_days_county_2002-2016\documentation\nanda_snowed_county_2005_03_data_dictionary.xlsx
weather,weather_county_2003-2016,nanda_snowed_county_2006_02_data_dictionary.xlsx,.xlsx,*_data_dictionary.xlsx,publish,Variable,3,Variable | Type | Label,,weather\weather_county_2003-2016\snowy_days_county_2002-2016\documentation\nanda_snowed_county_2006_02_data_dictionary.xlsx
weather,weather_county_2003-2016,nanda_snowed_county_2006_03_data_dictionary.xlsx,.xlsx,*_data_dictionary.xlsx,publish,Variable,3,Variable | Type | Label,,weather\weather_county_2003-2016\snowy_days_county_2002-2016\documentation\nanda_snowed_county_2006_03_data_dictionary.xlsx
weather,weather_county_2003-2016,nanda_snowed_county_2007_02_data_dictionary.xlsx,.xlsx,*_data_dictionary.xlsx,publish,Variable,3,Variable | Type | Label,,weather\weather_county_2003-2016\snowy_days_county_2002-2016\documentation\nanda_snowed_county_2007_02_data_dictionary.xlsx
weather,weather_county_2003-2016,nanda_snowed_county_2007_03_data_dictionary.xlsx,.xlsx,*_data_dictionary.xlsx,publish,Variable,3,Variable | Type | Label,,weather\weather_county_2003-2016\snowy_days_county_2002-2016\documentation\nanda_snowed_county_2007_03_data_dictionary.xlsx
weather,weather_county_2003-2016,nanda_snowed_county_2008_02_data_dictionary.xlsx,.xlsx,*_data_dictionary.xlsx,publish,Variable,3,Variable | Type | Label,,weather\weather_county_2003-2016\snowy_days_county_2002-2016\documentation\nanda_snowed_county_2008_02_data_dictionary.xlsx
weather,weather_county_2003-2016,nanda_snowed_county_2008_03_data_dictionary.xlsx,.xlsx,*_data_dictionary.xlsx,publish,Variable,3,Variable | Type | Label,,weather\weather_county_2003-2016\snowy_days_county_2002-2016\documentation\nanda_snowed_county_2008_03_data_dictionary.xlsx
weather,weather_county_2003-2016,nanda_snowed_county_2009_02_data_dictionary.xlsx,.xlsx,*_data_dictionary.xlsx,publish,Variable,3,Variable | Type | Label,,weather\weather_county_2003-2016\snowy_days_county_2002-2016\documentation\nanda_snowed_county_2009_02_data_dictionary.xlsx
weather,weather_county_2003-2016,nanda_snowed_county_2009_03_data_dictionary.xlsx,.xlsx,*_data_dictionary.xlsx,publish,Variable,3,Variable | Type | Label,,weather\weather_county_2003-2016\snowy_days_county_2002-2016\documentation\nanda_snowed_county_2009_03_data_dictionary.xlsx
weather,weather_county_2003-2016,nanda_snowed_county_2010_02_data_dictionary.xlsx,.xlsx,*_data_dictionary.xlsx,publish,Variable,3,Variable | Type | Label,,weather\weather_county_2003-2016\snowy_days_county_2002-2016\documentation\nanda_snowed_county_2010_02_data_dictionary.xlsx
weather,weather_county_2003-2016,nanda_snowed_county_2010_03_data_dictionary.xlsx,.xlsx,*_data_dictionary.xlsx,publish,Variable,3,Variable | Type | Label,,weather\weather_county_2003-2016\snowy_days_county_2002-2016\documentation\nanda_snowed_county_2010_03_data_dictionary.xlsx
weather,weather_county_2003-2016,nanda_snowed_county_2011_02_data_dictionary.xlsx,.xlsx,*_data_dictionary.xlsx,publish,Variable,3,Variable | Type | Label,,weather\weather_county_2003-2016\snowy_days_county_2002-2016\documentation\nanda_snowed_county_2011_02_data_dictionary.xlsx
weather,weather_county_2003-2016,nanda_snowed_county_2011_03_data_dictionary.xlsx,.xlsx,*_data_dictionary.xlsx,publish,Variable,3,Variable | Type | Label,,weather\weather_county_2003-2016\snowy_days_county_2002-2016\documentation\nanda_snowed_county_2011_03_data_dictionary.xlsx
weather,weather_county_2003-2016,nanda_snowed_county_2012_02_data_dictionary.xlsx,.xlsx,*_data_dictionary.xlsx,publish,Variable,3,Variable | Type | Label,,weather\weather_county_2003-2016\snowy_days_county_2002-2016\documentation\nanda_snowed_county_2012_02_data_dictionary.xlsx
weather,weather_county_2003-2016,nanda_snowed_county_2012_03_data_dictionary.xlsx,.xlsx,*_data_dictionary.xlsx,publish,Variable,3,Variable | Type | Label,,weather\weather_county_2003-2016\snowy_days_county_2002-2016\documentation\nanda_snowed_county_2012_03_data_dictionary.xlsx
weather,weather_county_2003-2016,nanda_snowed_county_2013_02_data_dictionary.xlsx,.xlsx,*_data_dictionary.xlsx,publish,Variable,3,Variable | Type | Label,,weather\weather_county_2003-2016\snowy_days_county_2002-2016\documentation\nanda_snowed_county_2013_02_data_dictionary.xlsx
weather,weather_county_2003-2016,nanda_snowed_county_2013_03_data_dictionary.xlsx,.xlsx,*_data_dictionary.xlsx,publish,Variable,3,Variable | Type | Label,,weather\weather_county_2003-2016\snowy_days_county_2002-2016\documentation\nanda_snowed_county_2013_03_data_dictionary.xlsx
weather,weather_county_2003-2016,nanda_snowed_county_2014_02_data_dictionary.xlsx,.xlsx,*_data_dictionary.xlsx,publish,Variable,3,Variable | Type | Label,,weather\weather_county_2003-2016\snowy_days_county_2002-2016\documentation\nanda_snowed_county_2014_02_data_dictionary.xlsx
weather,weather_county_2003-2016,nanda_snowed_county_2014_03_data_dictionary.xlsx,.xlsx,*_data_dictionary.xlsx,publish,Variable,3,Variable | Type | Label,,weather\weather_county_2003-2016\snowy_days_county_2002-2016\documentation\nanda_snowed_county_2014_03_data_dictionary.xlsx
weather,weather_county_2003-2016,nanda_snowed_county_2015_02_data_dictionary.xlsx,.xlsx,*_data_dictionary.xlsx,publish,Variable,3,Variable | Type | Label,,weather\weather_county_2003-2016\snowy_days_county_2002-2016\documentation\nanda_snowed_county_2015_02_data_dictionary.xlsx
weather,weather_county_2003-2016,nanda_snowed_county_2015_03_data_dictionary.xlsx,.xlsx,*_data_dictionary.xlsx,publish,Variable,3,Variable | Type | Label,,weather\weather_county_2003-2016\snowy_days_county_2002-2016\documentation\nanda_snowed_county_2015_03_data_dictionary.xlsx
weather,weather_county_2003-2016,nanda_snowed_county_2016_02_data_dictionary.xlsx,.xlsx,*_data_dictionary.xlsx,publish,Variable,3,Variable | Type | Label,,weather\weather_county_2003-2016\snowy_days_county_2002-2016\documentation\nanda_snowed_county_2016_02_data_dictionary.xlsx
weather,weather_county_2003-2016,nanda_snowed_county_2016_03_data_dictionary.xlsx,.xlsx,*_data_dictionary.xlsx,publish,Variable,3,Variable | Type | Label,,weather\weather_county_2003-2016\snowy_days_county_2002-2016\documentation\nanda_snowed_county_2016_03_data_dictionary.xlsx
weather,weather_county_2003-2016,nanda_tmp30yavg_county_1981-2010_01_data_dictionary.xlsx,.xlsx,*_data_dictionary.xlsx,publish,Variable,8,Variable | Type | Obs | Unique | Mean | Min | Max | Label,,weather\weather_county_2003-2016\temp_30y_avg_county_1981-2010\documentation\nanda_tmp30yavg_county_1981-2010_01_data_dictionary.xlsx
weather,weather_county_2003-2016,nanda_tmp30ydav_county_1981-2010_01_data_dictionary.xlsx,.xlsx,*_data_dictionary.xlsx,publish,Variable,8,Variable | Type | Obs | Unique | Mean | Min | Max | Label,,weather\weather_county_2003-2016\temp_30y_daily_avg_county_1981-2010\documentation\nanda_tmp30ydav_county_1981-2010_01_data_dictionary.xlsx
weather,weather_county_2003-2016,nanda_tmpdayavg_county_2002-2016_01_data_dictionary.xlsx,.xlsx,*_data_dictionary.xlsx,publish,Variable,8,Variable | Type | Obs | Unique | Mean | Min | Max | Label,,weather\weather_county_2003-2016\temp_daily_avg_county_2002-2016\documentation\nanda_tmpdayavg_county_2002-2016_01_data_dictionary.xlsx
